setmana,actius
1998-W53,697160
1999-W01,685128
1999-W02,686992
1999-W03,667622
1999-W04,694638
1999-W05,687447
1999-W06,680236
1999-W07,681891
1999-W08,692641
1999-W09,698073
1999-W10,693054
1999-W11,668283
1999-W12,699396
1999-W13,774421
1999-W14,679468
1999-W15,705590
1999-W16,691717
1999-W17,698296
1999-W18,692124
1999-W19,687527
1999-W20,691085
1999-W21,705060
1999-W22,706426
1999-W23,697053
1999-W24,691771
1999-W25,695644
1999-W26,722715
1999-W27,722715
1999-W28,721569
1999-W29,721882
1999-W30,739725
1999-W31,722964
1999-W32,716260
1999-W33,713379
1999-W34,733966
1999-W35,727128
1999-W36,721270
1999-W37,717914
1999-W38,728600
1999-W39,730616
1999-W40,729413
1999-W41,724358
1999-W42,709946
1999-W43,742624
1999-W44,737141
1999-W45,733848
1999-W46,734998
1999-W47,743495
1999-W48,747164
1999-W49,764737
1999-W50,753217
1999-W51,760669
1999-W52,803192
2000-W01,791850.67
2000-W02,736484.83
2000-W03,745290.55
2000-W04,772748.85
2000-W05,762475.89
2000-W06,759425.0594
2000-W07,755853.7368
2000-W08,752207.4057
2000-W09,777648.8895
2000-W10,759988.6151
2000-W11,757187.6546
2000-W12,761178.3014
2000-W13,774420.8192
2000-W14,770427.5674
2000-W15,765602
2000-W16,777205
2000-W17,782962
2000-W18,786480
2000-W19,768074
2000-W20,775903
2000-W21,779222
2000-W22,774894
2000-W23,769982
2000-W24,774819
2000-W25,776768
2000-W26,812468
2000-W27,793480
2000-W28,791179
2000-W29,786691
2000-W30,800725.2058
2000-W31,792085.5639
2000-W32,783778.069
2000-W33,794289.4486
2000-W34,796968.4467
2000-W35,802418.4934
2000-W36,797766.2796
2000-W37,792783
2000-W38,788509.5982
2000-W39,826309.5705
2000-W40,821621.193
2000-W41,816322.0597
2000-W42,809796.1784
2000-W43,822086.3493
2000-W44,821281.4539
2000-W45,821917.601
2000-W46,818955.7801
2000-W47,833102.9503
2000-W48,834584
2000-W49,855968
2000-W50,854381
2000-W51,848610
2000-W52,835065
2001-W01,843751
2001-W02,836782
2001-W03,840210
2001-W04,853462
2001-W05,835215
2001-W06,829737
2001-W07,811621
2001-W08,871589
2001-W09,831539
2001-W10,818190
2001-W11,840112
2001-W12,832777
2001-W13,847959
2001-W14,829109
2001-W15,814720
2001-W16,858769
2001-W17,839272
2001-W18,819675
2001-W19,820898
2001-W20,814941
2001-W21,825427
2001-W22,830431
2001-W23,827440
2001-W24,819049
2001-W25,824444
2001-W26,862767
2001-W27,852890
2001-W28,842370
2001-W29,841946
2001-W30,862061
2001-W31,852105
2001-W32,840988
2001-W33,840603
2001-W34,832360
2001-W35,833389
2001-W36,828051
2001-W37,820690
2001-W38,806105
2001-W39,817364
2001-W40,798851
2001-W41,782084
2001-W42,810439
2001-W43,809996
2001-W44,795654
2001-W45,771984
2001-W46,821504
2001-W47,802491
2001-W48,810690
2001-W49,809860
2001-W50,805551
2001-W51,795432
2001-W52,814662
2002-W01,899232
2002-W02,872101
2002-W03,864853
2002-W04,839687
2002-W05,810126
2002-W06,796924
2002-W07,796794
2002-W08,777402
2002-W09,790171
2002-W10,786325
2002-W11,778974
2002-W12,781840
2002-W13,814901
2002-W14,800142
2002-W15,782916
2002-W16,778804
2002-W17,788835
2002-W18,783833
2002-W19,791617
2002-W20,785510
2002-W21,788812
2002-W22,793333
2002-W23,788433
2002-W24,783564
2002-W25,793674
2002-W26,780845
2002-W27,764716
2002-W28,765635
2002-W29,775995
2002-W30,783540
2002-W31,771591
2002-W32,768630
2002-W33,763509
2002-W34,764092
2002-W35,770838
2002-W36,765573
2002-W37,762139
2002-W38,772638
2002-W39,772822
2002-W40,778337
2002-W41,778706
2002-W42,774314
2002-W43,798028
2002-W44,779659
2002-W45,777495
2002-W46,773332
2002-W47,788667
2002-W48,796464
2002-W49,812706
2002-W50,818720
2002-W51,820448
2002-W52,832558
2003-W01,794992
2003-W02,786619
2003-W03,773267
2003-W04,778863
2003-W05,786730
2003-W06,782044
2003-W07,775370
2003-W08,784809
2003-W09,790649
2003-W10,749960
2003-W11,838923
2003-W12,802273
2003-W13,798674
2003-W14,774429
2003-W15,770550
2003-W16,776461
2003-W17,800643
2003-W18,760351
2003-W19,765135
2003-W20,771868
2003-W21,793894
2003-W22,801435
2003-W23,777056
2003-W24,801670
2003-W25,791707
2003-W26,813568
2003-W27,802107
2003-W28,797996
2003-W29,795274
2003-W30,828475
2003-W31,802942
2003-W32,812583
2003-W33,798392
2003-W34,800214
2003-W35,814810
2003-W36,809501
2003-W37,804358
2003-W38,813574
2003-W39,829239
2003-W40,813612
2003-W41,815927
2003-W42,803678
2003-W43,812517
2003-W44,818606
2003-W45,813549
2003-W46,811863
2003-W47,827063
2003-W48,833339
2003-W49,858338
2003-W50,847045
2003-W51,848705
2003-W52,835157
2004-W01,838321
2004-W02,811951
2004-W03,812604
2004-W04,823280
2004-W05,824392
2004-W06,817014
2004-W07,813160
2004-W08,816931
2004-W09,824024
2004-W10,826792
2004-W11,819689
2004-W12,822845
2004-W13,830349
2004-W14,847083
2004-W15,848113
2004-W16,835256
2004-W17,842718
2004-W18,853538
2004-W19,846214
2004-W20,842046
2004-W21,859992
2004-W22,867250
2004-W23,870114
2004-W24,869053
2004-W25,867795
2004-W26,895838
2004-W27,882359
2004-W28,881026
2004-W29,868840
2004-W30,887631
2004-W31,883749
2004-W32,880177
2004-W33,871636
2004-W34,871976
2004-W35,881876
2004-W36,876603
2004-W37,874610
2004-W38,875248
2004-W39,885811
2004-W40,882294
2004-W41,880574
2004-W42,868406
2004-W43,875418
2004-W44,893778
2004-W45,893246
2004-W46,887079
2004-W47,893837
2004-W48,899065
2004-W49,905475
2004-W50,914229
2004-W51,909199
2004-W52,915706
2004-W53,884233
2005-W01,873637
2005-W02,881046
2005-W03,896168
2005-W04,894782
2005-W05,899472
2005-W06,897105
2005-W07,900338
2005-W08,913849
2005-W09,906928
2005-W10,905375
2005-W11,912660
2005-W12,926434
2005-W13,927154
2005-W14,927243
2005-W15,922198
2005-W16,934543
2005-W17,934479
2005-W18,927113
2005-W19,922942
2005-W20,929804
2005-W21,927781
2005-W22,940150
2005-W23,937965
2005-W24,940839
2005-W25,967868
2005-W26,988441
2005-W27,988731
2005-W28,979453
2005-W29,989661
2005-W30,996796
2005-W31,994865
2005-W32,987757
2005-W33,984106
2005-W34,992270
2005-W35,977000
2005-W36,978982
2005-W37,964249
2005-W38,974180
2005-W39,996044
2005-W40,990996
2005-W41,983351
2005-W42,998552
2005-W43,1003504
2005-W44,998615
2005-W45,998301
2005-W46,999149
2005-W47,1017239
2005-W48,1013538
2005-W49,1041792
2005-W50,1016943
2005-W51,1019749
2005-W52,1038152
2006-W01,1038614
2006-W02,1033258
2006-W03,1051180
2006-W04,1055186
2006-W05,1030373
2006-W06,1035376
2006-W07,1039333
2006-W08,1062732
2006-W09,1055765
2006-W10,1052256
2006-W11,1043998
2006-W12,1056127
2006-W13,1067477
2006-W14,1067024
2006-W15,1075146
2006-W16,1084807
2006-W17,1080389
2006-W18,1079264
2006-W19,1075694
2006-W20,1076409
2006-W21,1084094
2006-W22,1084486
2006-W23,1080532
2006-W24,1087256
2006-W25,1112518
2006-W26,1112770
2006-W27,1111397
2006-W28,1107838
2006-W29,1125154
2006-W30,1128285
2006-W31,1114627
2006-W32,1112702
2006-W33,1103912
2006-W34,1113025
2006-W35,1107252
2006-W36,1105398
2006-W37,1102153
2006-W38,1112530
2006-W39,1118315
2006-W40,1114603
2006-W41,1110166
2006-W42,1121281
2006-W43,1118736
2006-W44,1113170
2006-W45,1112832
2006-W46,1113236
2006-W47,1133314
2006-W48,1126144
2006-W49,1146252
2006-W50,1138254
2006-W51,1142321
2006-W52,1150980
2007-W01,1154416
2007-W02,1138300
2007-W03,1141226
2007-W04,1148148
2007-W05,1136671
2007-W06,1127196
2007-W07,1135090
2007-W08,1150396
2007-W09,1148229
2007-W10,1139826
2007-W11,1129997
2007-W12,1142656
2007-W13,1162604
2007-W14,1171420
2007-W15,1161570
2007-W16,1164245
2007-W17,1176308
2007-W18,1165355
2007-W19,1164245
2007-W20,1168993
2007-W21,1187052
2007-W22,1178439
2007-W23,1176346
2007-W24,1180260
2007-W25,1186672
2007-W26,1208453
2007-W27,1191757
2007-W28,1185364
2007-W29,1196419
2007-W30,1212584
2007-W31,1195123
2007-W32,1253098
2007-W33,1207703
2007-W34,1216884
2007-W35,1157534
2007-W36,1207383
2007-W37,1299307
2007-W38,1189583
2007-W39,1250396
2007-W40,1228352
2007-W41,1289118
2007-W42,1249327
2007-W43,1263504
2007-W44,1256261
2007-W45,1248472
2007-W46,1271761
2007-W47,1285523
2007-W48,1297266
2007-W49,1293026
2007-W50,1338418
2007-W51,1472961
2007-W52,1511244
2008-W01,1285790
2008-W02,1311062
2008-W03,1350779
2008-W04,1337542
2008-W05,1330918
2008-W06,1328292
2008-W07,1348061
2008-W08,1338874
2008-W09,1336758
2008-W10,1332977
2008-W11,1367702
2008-W12,1378930
2008-W13,1390804
2008-W14,1365793
2008-W15,1357162
2008-W16,1433190
2008-W17,1405859
2008-W18,1399774
2008-W19,1392863
2008-W20,1440879
2008-W21,1423797
2008-W22,1423245
2008-W23,1407746
2008-W24,1442612
2008-W25,1441151
2008-W26,1462710
2008-W27,1404892
2008-W28,1452177
2008-W29,1427348
2008-W30,1450899
2008-W31,1444562
2008-W32,1441639
2008-W33,1460207
2008-W34,1434957
2008-W35,1449139
2008-W36,1441019
2008-W37,1457726
2008-W38,1460585
2008-W39,1518548
2008-W40,1758697
2008-W41,1881854
2008-W42,1973084
2008-W43,1958164
2008-W44,2031447
2008-W45,1940367
2008-W46,1998720
2008-W47,1973981
2008-W48,1979051
2008-W49,2036524
2008-W50,2053837
2008-W51,2021484
2008-W52,2043465
2009-W01,2088878
2009-W02,2045566
2009-W03,2010655
2009-W04,2039799
2009-W05,1906979
2009-W06,1893796
2009-W07,1834051
2009-W08,1858375
2009-W09,1820268
2009-W10,1840819
2009-W11,1829433
2009-W12,1822548
2009-W13,1803083
2009-W14,1836384
2009-W15,1827798
2009-W16,1840083
2009-W17,1823963
2009-W18,1799225
2009-W19,1795099
2009-W20,1764158
2009-W21,1736870
2009-W22,1799610
2009-W23,1747838
2009-W24,1726624
2009-W25,1719718
2009-W26,1997319
2009-W27,1911628
2009-W28,1888909
2009-W29,1875712
2009-W30,1867848
2009-W31,1854093
2009-W32,1835895
2009-W33,1801757
2009-W34,1798364
2009-W35,1821371
2009-W36,1819488
2009-W37,1802473
2009-W38,1792972
2009-W39,1790242
2009-W40,1844567
2009-W41,1802742
2009-W42,1801388
2009-W43,1786122
2009-W44,1779000
2009-W45,1773685
2009-W46,1759605
2009-W47,1761476
2009-W48,1759186
2009-W49,1759429
2009-W50,1744542
2009-W51,1842352
2009-W52,1852463
2009-W53,1904935
2010-W01,1879590
2010-W02,1870606
2010-W03,1870342
2010-W04,1877655
2010-W05,1874500
2010-W06,1874687
2010-W07,1880871
2010-W08,1889017
2010-W09,1890311
2010-W10,1886697
2010-W11,1889712
2010-W12,1894898
2010-W13,1942548
2010-W14,1936654
2010-W15,1939989
2010-W16,1943260
2010-W17,1956819
2010-W18,1983241
2010-W19,2062943
2010-W20,2069968
2010-W21,2088450
2010-W22,2098508
2010-W23,2107126
2010-W24,2124740
2010-W25,2154245
2010-W26,2049811
2010-W27,2004747
2010-W28,1986989
2010-W29,1993612
2010-W30,2001660
2010-W31,1964906
2010-W32,1953086
2010-W33,1956064
2010-W34,1957926
2010-W35,1963223
2010-W36,1973255
2010-W37,1970482
2010-W38,1971356
2010-W39,1865885
2010-W40,1867952
2010-W41,1876946
2010-W42,1877963
2010-W43,1895679
2010-W44,1886353
2010-W45,1878979
2010-W46,1888388
2010-W47,1915961
2010-W48,1924130
2010-W49,1951661
2010-W50,1945232
2010-W51,1926154
2010-W52,2004432
2011-W01,1965895
2011-W02,1957146
2011-W03,1961122
2011-W04,1965568
2011-W05,2015599
2011-W06,1956143
2011-W07,1958491
2011-W08,1952278
2011-W09,1939219
2011-W10,1953018
2011-W11,1940378
2011-W12,1928055
2011-W13,1888496
2011-W14,1873111
2011-W15,1885017
2011-W16,1887882
2011-W17,1894101
2011-W18,1901850
2011-W19,1898665
2011-W20,1895870
2011-W21,1900610
2011-W22,1898989
2011-W23,1892579
2011-W24,1914538
2011-W25,1972174
2011-W26,1944583
2011-W27,1919501
2011-W28,1957194
2011-W29,2006061
2011-W30,2000471
2011-W31,2004290
2011-W32,2073026
2011-W33,2076647
2011-W34,2071633
2011-W35,2073122
2011-W36,2086364
2011-W37,2134721
2011-W38,2180075
2011-W39,2288571
2011-W40,2295727
2011-W41,2310857
2011-W42,2313175
2011-W43,2333373
2011-W44,2328553
2011-W45,2343547
2011-W46,2393350
2011-W47,2419548
2011-W48,2435688
2011-W49,2460813
2011-W50,2493806
2011-W51,2733235
2011-W52,2735628
2012-W01,2687871
2012-W02,2676987
2012-W03,2706197
2012-W04,2682576
2012-W05,2662126
2012-W06,2655784
2012-W07,2663261
2012-W08,2692598
2012-W09,3023159
2012-W10,3005782
2012-W11,2986294
2012-W12,2982849
2012-W13,2964427
2012-W14,2965333
2012-W15,2974859
2012-W16,2967109
2012-W17,2962103
2012-W18,2960317
2012-W19,2971515
2012-W20,2975261
2012-W21,2980310
2012-W22,3002593
2012-W23,3009684
2012-W24,3027305
2012-W25,3057892
2012-W26,3102227
2012-W27,3085006
2012-W28,3099646
2012-W29,3079749
2012-W30,3094144
2012-W31,3085214
2012-W32,3086822
2012-W33,3085845
2012-W34,3080452
2012-W35,3084769
2012-W36,3073494
2012-W37,3061012
2012-W38,3049539
2012-W39,3082432
2012-W40,3062589
2012-W41,3053641
2012-W42,3046569
2012-W43,3046543
2012-W44,3040693
2012-W45,3038871
2012-W46,3041305
2012-W47,3035280
2012-W48,3033294
2012-W49,3030422
2012-W50,3024812
2012-W51,3011200
2012-W52,3018198
2013-W01,2956165
2013-W02,2952532
2013-W03,2942211
2013-W04,2928781
2013-W05,2769695
2013-W06,2767571
2013-W07,2755725
2013-W08,2748823
2013-W09,2680619
2013-W10,2665947
2013-W11,2647844
2013-W12,2642700
2013-W13,2648126
2013-W14,2647097
2013-W15,2634454
2013-W16,2617263
2013-W17,2611252
2013-W18,2608120
2013-W19,2606277
2013-W20,2577406
2013-W21,2560202
2013-W22,2549449
2013-W23,2546600
2013-W24,2550684
2013-W25,2545321
2013-W26,2430423
2013-W27,2420347
2013-W28,2403333
2013-W29,2398959
2013-W30,2396181
2013-W31,2391090
2013-W32,2379322
2013-W33,2368521
2013-W34,2360832
2013-W35,2360639
2013-W36,2356675
2013-W37,2350127
2013-W38,2346591
2013-W39,2338044
2013-W40,2350580
2013-W41,2340421
2013-W42,2327962
2013-W43,2318744
2013-W44,2314393
2013-W45,2305431
2013-W46,2299017
2013-W47,2293601
2013-W48,2290956
2013-W49,2280794
2013-W50,2283020
2013-W51,2287531
2013-W52,2285399
2014-W01,2278560
2014-W02,2220507
2014-W03,2197860
2014-W04,2221296
2014-W05,2217061
2014-W06,2190338
2014-W07,2190099
2014-W08,2184848
2014-W09,2181079
2014-W10,2172324
2014-W11,2167771
2014-W12,2166080
2014-W13,2152103
2014-W14,2160987
2014-W15,2169081
2014-W16,2167801
2014-W17,2169061
2014-W18,2217128
2014-W19,2167718
2014-W20,2185009
2014-W21,2163727
2014-W22,2197095
2014-W23,2172316
2014-W24,2124281
2014-W25,2079975
2014-W26,2088099
2014-W27,2070293
2014-W28,2057083
2014-W29,2062474
2014-W30,2044312
2014-W31,2059683
2014-W32,2025258
2014-W33,2023176
2014-W34,2013019
2014-W35,2038716
2014-W36,2012130
2014-W37,2003802
2014-W38,1988153
2014-W39,2038235
2014-W40,2053668
2014-W41,2042685
2014-W42,2029725
2014-W43,2032783
2014-W44,2052070
2014-W45,2029737
2014-W46,2028156
2014-W47,2033165
2014-W48,2053892
2014-W49,2038091
2014-W50,2034746
2014-W51,2134802
2014-W52,2150247
2015-W01,2215995
2015-W02,2168821
2015-W03,2158222
2015-W04,2159796
2015-W05,2181954
2015-W06,2150212
2015-W07,2153125
2015-W08,2167794
2015-W09,2155836
2015-W10,2134819
2015-W11,2142116
2015-W12,2157841
2015-W13,2250801
2015-W14,2334126
2015-W15,2348963
2015-W16,2344062
2015-W17,2360790
2015-W18,2372553
2015-W19,2377854
2015-W20,2388627
2015-W21,2402553
2015-W22,2416666
2015-W23,2428326
2015-W24,2442098
2015-W25,2451947
2015-W26,2539544
2015-W27,2497003
2015-W28,2508195
2015-W29,2518972
2015-W30,2525159
2015-W31,2536592
2015-W32,2536634
2015-W33,2541947
2015-W34,2549254
2015-W35,2558780
2015-W36,2568311
2015-W37,2587280
2015-W38,2602314
2015-W39,2620631
2015-W40,2626835
2015-W41,2632300
2015-W42,2640557
2015-W43,2653233
2015-W44,2664996
2015-W45,2668903
2015-W46,2682374
2015-W47,2692443
2015-W48,2706740
2015-W49,2718650
2015-W50,2731936
2015-W51,2759255
2015-W52,2767815
2015-W53,2781145
2016-W01,2766889
2016-W02,2778265
2016-W03,2794527
2016-W04,2808331
2016-W05,2811913
2016-W06,2827603
2016-W07,2837575
2016-W08,2850299
2016-W09,2859841
2016-W10,2872321
2016-W11,2886198
2016-W12,2897696
2016-W13,2941761
2016-W14,2953136
2016-W15,2966107
2016-W16,2983183
2016-W17,3000759
2016-W18,3017789
2016-W19,3032840
2016-W20,3054101
2016-W21,3067481
2016-W22,3078612
2016-W23,3093866
2016-W24,3109588
2016-W25,3131095
2016-W26,3232618
2016-W27,3237920
2016-W28,3249177
2016-W29,3265838
2016-W30,3284309
2016-W31,3286139
2016-W32,3296568
2016-W33,3313323
2016-W34,3330487
2016-W35,3341775
2016-W36,3358742
2016-W37,3372373
2016-W38,3391402
2016-W39,3438145
2016-W40,3451426
2016-W41,3469281
2016-W42,3494929
2016-W43,3507401
2016-W44,3518455
2016-W45,3534266
2016-W46,3553353
2016-W47,3566230
2016-W48,3587380
2016-W49,3609773
2016-W50,3630732
2016-W51,3685708
2016-W52,3662901
2017-W01,3672638
2017-W02,3697302
2017-W03,3719624
2017-W04,3740766
2017-W05,3749499
2017-W06,3770942
2017-W07,3787893
2017-W08,3808242
2017-W09,3820341
2017-W10,3839855
2017-W11,3856913
2017-W12,3877037
2017-W13,4100730
2017-W14,4116353
2017-W15,4129996
2017-W16,4139398
2017-W17,4148032
2017-W18,4156826
2017-W19,4170588
2017-W20,4185693
2017-W21,4195685
2017-W22,4204543
2017-W23,4218129
2017-W24,4232941
2017-W25,4246150
2017-W26,4209510
2017-W27,4214696
2017-W28,4229286
2017-W29,4235758
2017-W30,4248280
2017-W31,4246485
2017-W32,4255955
2017-W33,4265713
2017-W34,4278881
2017-W35,4283727
2017-W36,4299776
2017-W37,4308875
2017-W38,4328211
2017-W39,4318624
2017-W40,4337684
2017-W41,4371623
2017-W42,4363408
2017-W43,4371222
2017-W44,4373200
2017-W45,4387732
2017-W46,4411864
2017-W47,4427474
2017-W48,4440791
2017-W49,4456579
2017-W50,4471856
2017-W51,4487284
2017-W52,4471563
2018-W01,4466001
2018-W02,4472739
2018-W03,4484003
2018-W04,4493058
2018-W05,4491151
2018-W06,4493672
2018-W07,4504781
2018-W08,4511540
2018-W09,4519360
2018-W10,4530083
2018-W11,4532642
2018-W12,4539072
2018-W13,4529579
2018-W14,4531497
2018-W15,4548153
2018-W16,4543973
2018-W17,4554344
2018-W18,4552564
2018-W19,4562061
2018-W20,4561577
2018-W21,4562651
2018-W22,4567744
2018-W23,4577214
2018-W24,4578465
2018-W25,4585571
2018-W26,4592518
2018-W27,4591235
2018-W28,4599857
2018-W29,4605004
2018-W30,4612006
2018-W31,4602258
2018-W32,4608108
2018-W33,4614032
2018-W34,4619437
2018-W35,4621355
2018-W36,4633963
2018-W37,4638843
2018-W38,4645821
2018-W39,4619792
2018-W40,4625045
2018-W41,4632893
2018-W42,4628278
2018-W43,4624792
2018-W44,4622163
2018-W45,4626222
2018-W46,4638303
2018-W47,4646891
2018-W48,4660299
2018-W49,4662985
2018-W50,4668116
2018-W51,4674919
2018-W52,4669003
2019-W01,4694301
2019-W02,4703402
2019-W03,4705948
2019-W04,4708899
2019-W05,4695505
2019-W06,4696466
2019-W07,4702787
2019-W08,4692062
2019-W09,4686299
2019-W10,4691325
2019-W11,4680588
2019-W12,4676984
2019-W13,4695785
2019-W14,4699604.67061145
2019-W15,4701826
2019-W16,4707931
2019-W17,4697616
2019-W18,4683918
2019-W19,4685377
2019-W20,4684866
2019-W21,4692616
2019-W22,4685961
2019-W23,4690441
2019-W24,4681351
2019-W25,4682680
2019-W26,4692614
2019-W27,4677463
2019-W28,4684376
2019-W29,4688182
2019-W30,4685716
2019-W31,4679180
2019-W32,4677751
2019-W33,4676077
2019-W34,4681001
2019-W35,4683714
2019-W36,4681637
2019-W37,4674603
2019-W38,4662978
2019-W39,4638104
2019-W40,4695111
2019-W41,4692260
2019-W42,4687115
2019-W43,4680875
2019-W44,4676258
2019-W45,4684135
2019-W46,4691919
2019-W47,4696531
2019-W48,4698291
2019-W49,4709281
2019-W50,4713568
2019-W51,4682592
2019-W52,4691998
2020-W01,4664037
2020-W02,4655772
2020-W03,4660340
2020-W04,4674369
2020-W05,4671365
2020-W06,4668900
2020-W07,4679726
2020-W08,4688301
2020-W09,4691852
2020-W10,4702214
2020-W11,4704239
2020-W12,4927267
2020-W13,5062687
2020-W14,5199822
2020-W15,5257490
2020-W16,5282926
2020-W17,5347042
2020-W18,5395184
2020-W19,5451001
2020-W20,5505521
2020-W21,5555276
2020-W22,5596070
2020-W23,5655414
2020-W24,5630275
2020-W25,5636378
2020-W26,6236143
2020-W27,6288974
2020-W28,6309160
2020-W29,6322604
2020-W30,6351419
2020-W31,6360822
2020-W32,6385307
2020-W33,6404662
2020-W34,6424042
2020-W35,6440237
2020-W36,6458857
2020-W37,6474612
2020-W38,6502422
2020-W39,6534815
2020-W40,6705112
2020-W41,6725697
2020-W42,6743525
2020-W43,6781825
2020-W44,6775763
2020-W45,6796905
2020-W46,6833483
2020-W47,6867814
2020-W48,6883402
2020-W49,6923120
2020-W50,6949632
2020-W51,7008896
2020-W52,7014661
2020-W53,6979324
2021-W01,6984713
2021-W02,7015645
2021-W03,7024240
2021-W04,7033256
2021-W05,7054472
2021-W06,7079135
2021-W07,7101159
2021-W08,7110487
2021-W09,7120334
2021-W10,7137484
2021-W11,7162230
2021-W12,7505021
2021-W13,7494111
2021-W14,7514267
2021-W15,7522199
2021-W16,7558280
2021-W17,7567945
2021-W18,7588768
2021-W19,7615694
2021-W20,7643170
2021-W21,7657629
2021-W22,7680137
2021-W23,7700937
2021-W24,7736536
2021-W25,7877127
2021-W26,7907807
2021-W27,7926550
2021-W28,7950657
2021-W29,7988045
2021-W30,7987364
2021-W31,8009675.539
2021-W32,8036014
2021-W33,8052776
2021-W34,8191312
2021-W35,8207534
2021-W36,8222733
2021-W37,8244572
2021-W38,8273207
2021-W39,8289148
2021-W40,8314285
2021-W41,8336713
2021-W42,8368278
2021-W43,8366071
2021-W44,8382672
2021-W45,8414393
2021-W46,8442311
2021-W47,8456991
2021-W48,8469908
2021-W49,8496633
2021-W50,8511461
2021-W51,8512308
2021-W52,8566372
2022-W01,8573280
2022-W02,8593991
2022-W03,8600346
2022-W04,8622576
2022-W05,8630101
2022-W06,8651801
2022-W07,8667911
2022-W08,8671293
2022-W09,8672977
2022-W10,8686990
2022-W11,8700036
2022-W12,8710615
2022-W13,8753992
2022-W14,8763720
2022-W15,8787905
2022-W16,8790918
2022-W17,8783589
2022-W18,8796118
2022-W19,8810309
2022-W20,8814019
2022-W21,8813834
2022-W22,8817918
2022-W23,8820944
2022-W24,8827944
2022-W25,8835987
2022-W26,8788761
2022-W27,8774413
2022-W28,8765687
2022-W29,8768286
2022-W30,8764480
2022-W31,8745981
2022-W32,8747798
2022-W33,8750679
2022-W34,8750036
2022-W35,8756825
2022-W36,8759120
2022-W37,8756881
2022-W38,8777369
2022-W39,8810111
2022-W40,8771976
2022-W41,8778072
2022-W42,8774759
2022-W43,8770670
2022-W44,8761655
2022-W45,8764662
2022-W46,8769062
2022-W47,8471442
2022-W48,8470941
2022-W49,8480172
2022-W50,8477232
2022-W51,7985527
2022-W52,7955797
2023-W01,7968035
2023-W02,7972052
2023-W03,7959180
2023-W04,7893991
2023-W05,7875365
2023-W06,7872208
2023-W07,7873582
2023-W08,7839385
2023-W09,7830796
2023-W10,7829368
2023-W11,7831859
2023-W12,7835921
2023-W13,7729612
2023-W14,7729251
2023-W15,7730924
2023-W16,7714222
2023-W17,7719816
2023-W18,7716913
2023-W19,7728510
2023-W20,7730118
2023-W21,7713658
2023-W22,7712715
2023-W23,7714391
2023-W24,7709739
2023-W25,7710607
2023-W26,7219695
2023-W27,7206902
2023-W28,7205494
2023-W29,7186888
2023-W30,7189296
2023-W31,7164560
2023-W32,7166516
2023-W33,7153069
2023-W34,7154855
2023-W35,7168248
2023-W36,7153078
2023-W37,7135734
2023-W38,7141982
2023-W39,7066454
2023-W40,7057055
2023-W41,7056700
2023-W42,7037999
2023-W43,7019671
2023-W44,7001618
2023-W45,6998866
2023-W46,7001073
2023-W47,6995799
2023-W48,7002047
2023-W49,6993472
2023-W50,6987406
2023-W51,6899165
2023-W52,6935489
2024-W01,6919847
2024-W02,6923651
2024-W03,6889268
2024-W04,6887588
2024-W05,6865402
2024-W06,6861417
2024-W07,6842684
2024-W08,6830940
2024-W09,6819969
2024-W10,6813189
2024-W11,6815594
2024-W12,6809960
2024-W13,6619689
2024-W14,6585349
2024-W15,6596669
2024-W16,6593161
2024-W17,6598860
2024-W18,6582070
2024-W19,6580954
2024-W20,6562429
2024-W21,6577697
2024-W22,6560665
2024-W23,6541633
2024-W24,6534521
2024-W25,6536817
2024-W26,6522003
2024-W27,6497699
2024-W28,6494463
2024-W29,6478323
2024-W30,6475497
2024-W31,6468687
2024-W32,6462215
2024-W33,6449231
2024-W34,6459136
2024-W35,6473096
2024-W36,6456600
2024-W37,6442517
2024-W38,6428492
2024-W39,6398397
2024-W40,6438772
2024-W41,6441605
2024-W42,6429110
2024-W43,6414443
2024-W44,6404234
2024-W45,6392990
2024-W46,6382997
2024-W47,6385076
2024-W48,6372760
2024-W49,6351987
2024-W50,6353201
2024-W51,6344802
2024-W52,6357247
2025-W01,6412636
2025-W02,6407186
2025-W03,6403368
2025-W04,6408074
2025-W05,6393680
2025-W06,6371003
2025-W07,6368862
2025-W08,6349598
2025-W09,6319531
2025-W10,6287780
2025-W11,6274495
2025-W12,6274268
2025-W13,6246998
2025-W14,6338174
2025-W15,6329821
2025-W16,6329339
2025-W17,6329947
2025-W18,6313602
2025-W19,6301244
2025-W20,6291674
2025-W21,6293998
2025-W22,6274536
2025-W23,6243216
2025-W24,6237173
2025-W25,6241546
2025-W26,6232169
2025-W27,6141314
2025-W28,6137098
2025-W29,6118884
2025-W30,6121778
2025-W31,6108888
2025-W32,6100485
2025-W33,6078927
2025-W34,6084159
2025-W35,6089393
2025-W36,6082009
2025-W37,6083487
2025-W38,6070545
2025-W39,6070838
2025-W40,6209218
2025-W41,6199268
2025-W42,6192365
2025-W43,6195379
2025-W44,6170944
2025-W45,6156666
2025-W46,6157668
2025-W47,6152427
2025-W48,6143717
2025-W49,6131382
2025-W50,6129214
2025-W51,6134804
2025-W52,6163751
2026-W01,6321626
2026-W02,6291161
2026-W03,6280697
2026-W04,6278438
2026-W05,6289997
2026-W06,6255953
2026-W07,6242900
2026-W08,6234456
2026-W09,6226783
2026-W10,6176464
2026-W11,6168261
2026-W12,6155306
2026-W13,6162122
2026-W14,6253432
2026-W15,6246927
2026-W16,6218303
2026-W17,6215651
2026-W18,6196001
2026-W19,6185235
2026-W20,6179184
2026-W21,6186508
2026-W22,6162017
2026-W23,6136317
2026-W24,6135633
2026-W25,6119940
2026-W26,6117260
2026-W27,5983015
2026-W28,5970516
2026-W29,5949077
2026-W30,5944015
2026-W31,5941248
2026-W32,5923023
2026-W33,5927307
2026-W34,5913041
2026-W35,5915343
2026-W36,5912178
2026-W37,5911237
2026-W38,5898477
2026-W39,5897262
