geo,any,edat
DE,2000,24.1
DE,2001,24.0
DE,2002,24.0
DE,2003,24.0
DE,2004,24.1
DE,2005,23.9
DE,2006,23.9
DE,2007,23.9
DE,2008,23.9
DE,2009,24.1
DE,2010,24.1
DE,2011,24.0
DE,2012,23.8
DE,2013,23.9
DE,2014,23.8
DE,2015,23.8
DE,2016,23.7
DE,2017,23.7
DE,2018,23.7
DE,2019,23.7
DE,2020,23.9
DE,2021,23.8
DE,2022,23.8
DE,2023,24.0
DE,2024,23.9
DE,2025,24.1
DK,2010,21.2
DK,2011,21.0
DK,2012,21.1
DK,2013,21.0
DK,2014,21.2
DK,2015,21.1
DK,2016,21.0
DK,2017,21.1
DK,2018,21.1
DK,2019,21.1
DK,2020,21.2
DK,2021,21.7
DK,2022,21.7
DK,2023,21.8
DK,2024,21.7
DK,2025,21.8
EL,2000,28.6
EL,2001,28.6
EL,2002,28.6
EL,2003,28.8
EL,2004,27.7
EL,2005,28.3
EL,2006,28.6
EL,2007,28.5
EL,2008,28.5
EL,2009,28.2
EL,2010,28.3
EL,2011,28.7
EL,2012,29.0
EL,2013,29.3
EL,2014,29.3
EL,2015,29.4
EL,2016,29.1
EL,2017,29.4
EL,2018,29.3
EL,2019,28.9
EL,2020,29.6
EL,2021,30.7
EL,2022,30.7
EL,2023,30.6
EL,2024,30.7
EL,2025,30.9
ES,2000,29.4
ES,2001,29.4
ES,2002,29.3
ES,2003,29.1
ES,2004,29.0
ES,2005,28.6
ES,2006,28.7
ES,2007,28.4
ES,2008,28.4
ES,2009,28.3
ES,2010,28.4
ES,2011,28.5
ES,2012,28.7
ES,2013,28.9
ES,2014,29.1
ES,2015,29.0
ES,2016,29.4
ES,2017,29.3
ES,2018,29.5
ES,2019,29.5
ES,2020,29.8
ES,2021,30.2
ES,2022,30.5
ES,2023,30.4
ES,2024,30.0
ES,2025,30.2
EU27_2020,2002,26.5
EU27_2020,2003,26.3
EU27_2020,2004,26.7
EU27_2020,2005,26.7
EU27_2020,2006,26.8
EU27_2020,2007,26.7
EU27_2020,2008,26.7
EU27_2020,2009,26.5
EU27_2020,2010,26.5
EU27_2020,2011,26.5
EU27_2020,2012,26.5
EU27_2020,2013,26.4
EU27_2020,2014,26.5
EU27_2020,2015,26.4
EU27_2020,2016,26.4
EU27_2020,2017,26.3
EU27_2020,2018,26.3
EU27_2020,2019,26.1
EU27_2020,2020,26.4
EU27_2020,2021,26.6
EU27_2020,2022,26.4
EU27_2020,2023,26.4
EU27_2020,2024,26.2
EU27_2020,2025,26.3
FI,2003,22.2
FI,2004,22.4
FI,2005,22.0
FI,2006,22.3
FI,2007,22.0
FI,2008,22.0
FI,2009,22.0
FI,2010,21.9
FI,2011,21.9
FI,2012,21.9
FI,2013,21.9
FI,2014,21.9
FI,2015,21.9
FI,2016,21.9
FI,2017,21.9
FI,2018,22.0
FI,2019,21.8
FI,2020,22.0
FI,2021,21.5
FI,2022,21.3
FI,2023,21.4
FI,2024,21.4
FI,2025,21.3
FR,2003,23.5
FR,2004,23.6
FR,2005,23.7
FR,2006,23.5
FR,2007,23.4
FR,2008,23.4
FR,2009,23.3
FR,2010,23.5
FR,2011,23.6
FR,2012,23.5
FR,2013,23.7
FR,2014,23.7
FR,2015,23.9
FR,2016,23.8
FR,2017,24.1
FR,2018,23.7
FR,2019,23.6
FR,2020,24.0
FR,2021,23.6
FR,2022,23.4
FR,2023,23.7
FR,2024,23.5
FR,2025,23.8
HR,2002,28.3
HR,2003,29.2
HR,2004,30.1
HR,2005,30.1
HR,2006,30.5
HR,2007,30.5
HR,2008,30.6
HR,2009,30.8
HR,2010,31.2
HR,2011,31.5
HR,2012,31.6
HR,2013,31.9
HR,2014,31.0
HR,2015,31.3
HR,2016,31.4
HR,2017,31.8
HR,2018,31.7
HR,2019,31.6
HR,2020,32.4
HR,2021,33.2
HR,2022,33.4
HR,2023,31.9
HR,2024,31.3
HR,2025,31.5
IT,2004,29.5
IT,2005,29.7
IT,2006,29.8
IT,2007,29.8
IT,2008,29.7
IT,2009,29.7
IT,2010,29.7
IT,2011,29.7
IT,2012,29.8
IT,2013,29.9
IT,2014,30.1
IT,2015,30.1
IT,2016,30.1
IT,2017,30.1
IT,2018,30.1
IT,2019,30.1
IT,2020,30.2
IT,2021,29.9
IT,2022,30.0
IT,2023,30.0
IT,2024,30.1
IT,2025,30.2
NL,2000,23.1
NL,2001,23.4
NL,2002,23.5
NL,2003,23.5
NL,2004,23.5
NL,2005,23.3
NL,2006,23.4
NL,2007,23.4
NL,2008,23.3
NL,2009,23.3
NL,2010,23.3
NL,2011,23.5
NL,2012,23.6
NL,2013,23.5
NL,2014,23.6
NL,2015,23.7
NL,2016,23.7
NL,2017,23.6
NL,2018,23.7
NL,2019,23.7
NL,2020,24.3
NL,2021,23.2
NL,2022,23.0
NL,2023,23.2
NL,2024,23.2
NL,2025,23.4
PT,2000,28.1
PT,2001,28.0
PT,2002,28.2
PT,2003,28.2
PT,2004,28.2
PT,2005,28.2
PT,2006,28.3
PT,2007,28.5
PT,2008,28.8
PT,2009,28.7
PT,2010,28.7
PT,2011,28.7
PT,2012,28.8
PT,2013,29.0
PT,2014,28.8
PT,2015,28.9
PT,2016,29.0
PT,2017,29.1
PT,2018,28.8
PT,2019,28.9
PT,2020,29.9
PT,2021,33.3
PT,2022,30.1
PT,2023,29.0
PT,2024,28.9
PT,2025,28.8
SE,2009,20.4
SE,2010,20.3
SE,2011,20.3
SE,2012,19.9
SE,2013,19.6
SE,2014,20.8
SE,2015,19.7
SE,2016,20.7
SE,2017,21.0
SE,2018,18.4
SE,2019,17.8
SE,2020,17.5
SE,2021,22.0
SE,2022,21.6
SE,2023,21.8
SE,2024,21.9
SE,2025,23.1
