trimestre,espanya,catalunya,provincia_barcelona
1995T1,670.8,735.0,860.0
1995T2,686.0,744.6,881.8
1995T3,682.6,750.4,881.8
1995T4,692.7,754.3,890.5
1996T1,686.0,754.3,881.8
1996T2,697.8,758.1,890.5
1996T3,691.0,765.9,894.8
1996T4,694.4,777.4,912.2
1997T1,691.0,781.3,914.4
1997T2,726.4,787.1,921.0
1997T3,726.4,792.9,929.7
1997T4,702.8,802.5,940.6
1998T1,716.3,812.2,951.4
1998T2,761.8,833.4,986.3
1998T3,777.0,860.4,1012.4
1998T4,756.7,883.5,1038.5
1999T1,780.3,918.3,1082.1
1999T2,805.6,949.1,1116.9
1999T3,827.5,974.2,1153.9
1999T4,829.2,1014.7,1199.6
2000T1,856.2,1039.8,1230.1
2000T2,879.8,1078.4,1278.0
2000T3,891.6,1107.3,1319.4
2000T4,893.3,1144.0,1360.8
2001T1,930.3,1178.7,1413.0
2001T2,962.4,1217.3,1450.0
2001T3,982.6,1230.8,1491.4
2001T4,992.7,1275.1,1513.2
2002T1,1051.7,1306.0,1528.4
2002T2,1117.4,1340.7,1574.1
2002T3,1142.7,1363.9,1587.2
2002T4,1164.6,1410.2,1637.3
2003T1,1230.3,1456.5,1689.5
2003T2,1309.6,1520.1,1733.1
2003T3,1344.9,1562.6,1794.0
2003T4,1380.3,1632.0,1863.7
2004T1,1456.2,1668.7,1915.9
2004T2,1538.8,1788.3,2033.5
2004T3,1570.8,1838.4,2114.1
2004T4,1618.0,1923.3,2172.8
2005T1,1685.4,1929.1,2177.2
2005T2,1752.8,1992.8,2242.5
2005T3,1781.5,2037.1,2299.1
2005T4,1824.3,2092.1,2365.8
2006T1,1887.6,2176.0,2464.6
2006T2,1942.3,2255.1,2551.7
2006T3,1956.7,2278.3,2568.1
2006T4,1990.5,2316.8,2612.6
2007T1,2024.2,2357.4,2654.0
2007T2,2054.5,2382.3,2684.5
2007T3,2061.2,2399.8,2688.8
2007T4,2085.5,2450.8,2762.0
2008T1,2101.4,2457.6,2760.7
2008T2,2095.7,2490.5,2797.7
2008T3,2068.7,2470.8,2782.5
2008T4,2018.5,2434.5,2741.1
2009T1,1958.1,2361.2,2656.2
2009T2,1920.9,2304.5,2597.8
2009T3,1896.8,2260.9,2536.4
2009T4,1892.3,2286.0,2573.5
2010T1,1865.7,2245.8,2521.0
2010T2,1848.9,2253.2,2542.1
2010T3,1832.0,2222.3,2488.7
2010T4,1825.5,2211.1,2491.7
2011T1,1777.6,2145.2,2414.2
2011T2,1752.1,2132.3,2404.5
2011T3,1729.3,2077.0,2335.0
2011T4,1701.8,2039.5,2276.6
2012T1,1649.3,1959.9,2192.4
2012T2,1606.4,1895.2,2120.1
2012T3,1565.6,1845.9,2071.3
2012T4,1531.2,1810.8,2034.0
2013T1,1516.4,1752.9,1973.0
2013T2,1502.8,1691.5,1905.9
2013T3,1495.3,1681.4,1898.3
2013T4,1466.9,1665.8,1883.1
2014T1,1459.4,1657.9,1877.5
2014T2,1459.3,1658.3,1876.2
2014T3,1455.8,1662.9,1887.3
2014T4,1463.1,1671.3,1897.1
2015T1,1457.9,1654.6,1873.8
2015T2,1476.8,1680.8,1900.2
2015T3,1476.0,1682.1,1905.7
2015T4,1490.1,1721.1,1954.6
2016T1,1492.4,1735.2,1983.9
2016T2,1506.4,1757.8,2018.9
2016T3,1499.7,1762.1,2031.8
2016T4,1512.0,1796.7,2075.3
2017T1,1525.8,1829.1,2114.9
2017T2,1530.0,1834.0,2128.3
2017T3,1540.0,1871.4,2178.6
2017T4,1558.7,1892.6,2207.5
2018T1,1566.6,1906.0,2226.0
2018T2,1587.9,1948.6,2296.5
2018T3,1589.5,1961.4,2319.2
2018T4,1618.8,2002.0,2360.4
2019T1,1636.3,2018.9,2391.7
2019T2,1637.4,2032.0,2412.8
2019T3,1638.3,2028.6,2407.8
2019T4,1652.8,2037.3,2413.6
2020T1,1640.4,2030.2,2409.9
2020T2,1610.1,1986.9,2362.2
2020T3,1619.6,1998.9,2364.9
2020T4,1622.3,1991.6,2352.7
2021T1,1625.4,2016.2,2389.3
2021T2,1649.2,2041.1,2404.7
2021T3,1661.6,2037.6,2395.7
2021T4,1694.1,2090.9,2453.1
2022T1,1734.0,2160.1,2535.8
2022T2,1740.7,2139.6,2511.1
2022T3,1740.0,2129.7,2508.7
2022T4,1749.2,2145.3,2525.6
2023T1,1788.4,2186.3,2570.5
2023T2,1793.2,2171.6,2546.7
2023T3,1812.4,2198.7,2577.6
2023T4,1842.3,2232.9,2614.6
2024T1,1865.8,2265.6,2645.6
2024T2,1895.6,2287.0,2668.2
2024T3,1921.0,2303.2,2690.5
2024T4,1972.1,2369.9,2766.9
2025T1,2033.4,2453.7,2865.0
2025T2,2093.5,2499.6,2920.9
2025T3,2153.4,2548.0,2980.9
2025T4,2230.0,2641.6,3083.0
2026T1,2315.7,2748.7,3207.7
2026T2,2355.0,2752.9,3204.2
