mes,usd_unca
1960M01,35
1960M02,35
1960M03,35
1960M04,35
1960M05,35
1960M06,35
1960M07,35
1960M08,35
1960M09,35
1960M10,35
1960M11,35
1960M12,35
1961M01,35
1961M02,35
1961M03,35
1961M04,35
1961M05,35
1961M06,35
1961M07,35
1961M08,35
1961M09,35
1961M10,35
1961M11,35
1961M12,35
1962M01,35
1962M02,35
1962M03,35
1962M04,35
1962M05,35
1962M06,35
1962M07,35
1962M08,35
1962M09,35
1962M10,35
1962M11,35
1962M12,35
1963M01,35
1963M02,35
1963M03,35
1963M04,35
1963M05,35
1963M06,35
1963M07,35
1963M08,35
1963M09,35
1963M10,35
1963M11,35
1963M12,35
1964M01,35
1964M02,35
1964M03,35
1964M04,35
1964M05,35
1964M06,35
1964M07,35
1964M08,35
1964M09,35
1964M10,35
1964M11,35
1964M12,35
1965M01,35
1965M02,35
1965M03,35
1965M04,35
1965M05,35
1965M06,35
1965M07,35
1965M08,35
1965M09,35
1965M10,35
1965M11,35
1965M12,35
1966M01,35
1966M02,35
1966M03,35
1966M04,35
1966M05,35
1966M06,35
1966M07,35
1966M08,35
1966M09,35
1966M10,35
1966M11,35
1966M12,35
1967M01,35
1967M02,35
1967M03,35
1967M04,35
1967M05,35
1967M06,35
1967M07,35
1967M08,35
1967M09,35
1967M10,35
1967M11,35
1967M12,35
1968M01,36
1968M02,36
1968M03,37
1968M04,38
1968M05,41
1968M06,41
1968M07,39
1968M08,39
1968M09,40
1968M10,39
1968M11,40
1968M12,41
1969M01,42
1969M02,43
1969M03,43
1969M04,43
1969M05,43
1969M06,41
1969M07,42
1969M08,41
1969M09,41
1969M10,40
1969M11,37
1969M12,35
1970M01,35
1970M02,35
1970M03,35
1970M04,36
1970M05,36
1970M06,35
1970M07,35
1970M08,35
1970M09,36
1970M10,38
1970M11,37
1970M12,37
1971M01,38
1971M02,39
1971M03,39
1971M04,39
1971M05,41
1971M06,40
1971M07,41
1971M08,43
1971M09,42
1971M10,43
1971M11,43
1971M12,43
1972M01,46
1972M02,48
1972M03,48
1972M04,49
1972M05,55
1972M06,62
1972M07,66
1972M08,67
1972M09,65
1972M10,65
1972M11,63
1972M12,64
1973M01,65
1973M02,74
1973M03,84
1973M04,91
1973M05,102
1973M06,120
1973M07,120
1973M08,107
1973M09,103
1973M10,100
1973M11,95
1973M12,107
1974M01,129
1974M02,150
1974M03,168
1974M04,172
1974M05,163
1974M06,154
1974M07,143
1974M08,155
1974M09,152
1974M10,159
1974M11,182
1974M12,184
1975M01,176
1975M02,180
1975M03,178
1975M04,170
1975M05,167
1975M06,164
1975M07,165
1975M08,163
1975M09,144
1975M10,143
1975M11,142
1975M12,139
1976M01,131
1976M02,131
1976M03,133
1976M04,128
1976M05,127
1976M06,126
1976M07,118
1976M08,110
1976M09,114
1976M10,116
1976M11,130
1976M12,134
1977M01,132
1977M02,136
1977M03,148
1977M04,149
1977M05,147
1977M06,141
1977M07,143
1977M08,145
1977M09,150
1977M10,159
1977M11,162
1977M12,160
1978M01,173
1978M02,178
1978M03,184
1978M04,175
1978M05,176
1978M06,184
1978M07,189
1978M08,206
1978M09,212
1978M10,227
1978M11,206
1978M12,208
1979M01,227
1979M02,246
1979M03,242
1979M04,239
1979M05,258
1979M06,279
1979M07,295
1979M08,301
1979M09,355
1979M10,392
1979M11,392
1979M12,455
1980M01,675
1980M02,665
1980M03,554
1980M04,517
1980M05,514
1980M06,601
1980M07,643
1980M08,627
1980M09,674
1980M10,661
1980M11,625
1980M12,538
1981M01,557
1981M02,500
1981M03,499
1981M04,496
1981M05,480
1981M06,461
1981M07,409
1981M08,410
1981M09,444
1981M10,438
1981M11,413
1981M12,410
1982M01,384
1982M02,374
1982M03,330
1982M04,350
1982M05,334
1982M06,315
1982M07,339
1982M08,364
1982M09,437
1982M10,422
1982M11,415
1982M12,445
1983M01,481
1983M02,491
1983M03,420
1983M04,433
1983M05,438
1983M06,413
1983M07,403
1983M08,416
1983M09,412
1983M10,394
1983M11,382
1983M12,388
1984M01,371
1984M02,386
1984M03,394
1984M04,381
1984M05,377
1984M06,378
1984M07,348
1984M08,348
1984M09,340
1984M10,341
1984M11,342
1984M12,320
1985M01,303
1985M02,299
1985M03,314
1985M04,327
1985M05,316
1985M06,317
1985M07,317
1985M08,330
1985M09,323
1985M10,326
1985M11,322
1985M12,322
1986M01,347
1986M02,339
1986M03,346
1986M04,340
1986M05,342
1986M06,343
1986M07,348
1986M08,377
1986M09,418
1986M10,424
1986M11,398
1986M12,391
1987M01,408
1987M02,401
1987M03,409
1987M04,438
1987M05,460
1987M06,450
1987M07,451
1987M08,461
1987M09,460
1987M10,465
1987M11,468
1987M12,486
1988M01,477
1988M02,442
1988M03,444
1988M04,452
1988M05,451
1988M06,451
1988M07,438
1988M08,431
1988M09,413
1988M10,407
1988M11,420
1988M12,419
1989M01,404
1989M02,388
1989M03,390
1989M04,384
1989M05,371
1989M06,368
1989M07,375
1989M08,365
1989M09,362
1989M10,367
1989M11,394
1989M12,409
1990M01,410
1990M02,417
1990M03,393
1990M04,374
1990M05,369
1990M06,352
1990M07,363
1990M08,395
1990M09,389
1990M10,381
1990M11,382
1990M12,377
1991M01,384
1991M02,364
1991M03,363
1991M04,358
1991M05,357
1991M06,367
1991M07,368
1991M08,356
1991M09,349
1991M10,359
1991M11,360
1991M12,362
1992M01,354
1992M02,354
1992M03,344
1992M04,339
1992M05,337
1992M06,341
1992M07,353
1992M08,343
1992M09,345
1992M10,344
1992M11,335
1992M12,335
1993M01,329
1993M02,329
1993M03,330
1993M04,342
1993M05,367
1993M06,372
1993M07,392
1993M08,379
1993M09,355
1993M10,364
1993M11,374
1993M12,383
1994M01,387
1994M02,382
1994M03,384
1994M04,377
1994M05,381
1994M06,386
1994M07,385
1994M08,380
1994M09,392
1994M10,390
1994M11,384
1994M12,379
1995M01,379
1995M02,377
1995M03,382
1995M04,391
1995M05,385
1995M06,388
1995M07,386
1995M08,384
1995M09,383
1995M10,383
1995M11,385
1995M12,387
1996M01,399
1996M02,405
1996M03,396
1996M04,393
1996M05,392
1996M06,385
1996M07,383
1996M08,387
1996M09,383
1996M10,381
1996M11,378
1996M12,369
1997M01,355
1997M02,347
1997M03,352
1997M04,344
1997M05,344
1997M06,341
1997M07,324
1997M08,324
1997M09,323
1997M10,325
1997M11,306
1997M12,289
1998M01,289
1998M02,297
1998M03,296
1998M04,308
1998M05,299
1998M06,292
1998M07,293
1998M08,284
1998M09,289
1998M10,296
1998M11,294
1998M12,292
1999M01,287
1999M02,287
1999M03,286
1999M04,283
1999M05,276
1999M06,261
1999M07,256
1999M08,257
1999M09,265
1999M10,311
1999M11,293
1999M12,283
2000M01,284
2000M02,300
2000M03,286
2000M04,280
2000M05,275
2000M06,286
2000M07,282
2000M08,274
2000M09,274
2000M10,270
2000M11,266
2000M12,271
2001M01,265
2001M02,262
2001M03,263
2001M04,260
2001M05,272
2001M06,270
2001M07,268
2001M08,272
2001M09,283
2001M10,283
2001M11,276
2001M12,276
2002M01,282
2002M02,296
2002M03,294
2002M04,303
2002M05,314
2002M06,321
2002M07,313
2002M08,310
2002M09,319
2002M10,317
2002M11,319
2002M12,332
2003M01,357
2003M02,359
2003M03,341
2003M04,328
2003M05,356
2003M06,356
2003M07,351
2003M08,360
2003M09,379
2003M10,379
2003M11,390
2003M12,407
2004M01,414
2004M02,405
2004M03,407
2004M04,403
2004M05,384
2004M06,392
2004M07,398
2004M08,401
2004M09,405
2004M10,420
2004M11,439
2004M12,442
2005M01,424
2005M02,423
2005M03,434
2005M04,429
2005M05,422
2005M06,431
2005M07,424
2005M08,438
2005M09,456
2005M10,470
2005M11,477
2005M12,510
2006M01,550
2006M02,555
2006M03,557
2006M04,611
2006M05,675
2006M06,596
2006M07,634
2006M08,633
2006M09,598
2006M10,586
2006M11,628
2006M12,630
2007M01,631
2007M02,665
2007M03,655
2007M04,679
2007M05,667
2007M06,656
2007M07,665
2007M08,665
2007M09,713
2007M10,755
2007M11,806
2007M12,803
2008M01,890
2008M02,922
2008M03,968
2008M04,910
2008M05,889
2008M06,889
2008M07,940
2008M08,839
2008M09,830
2008M10,807
2008M11,761
2008M12,816
2009M01,859
2009M02,943
2009M03,924
2009M04,890
2009M05,929
2009M06,946
2009M07,934
2009M08,949
2009M09,997
2009M10,1043
2009M11,1127
2009M12,1135
2010M01,1118
2010M02,1095
2010M03,1113
2010M04,1149
2010M05,1205
2010M06,1233
2010M07,1193
2010M08,1216
2010M09,1271
2010M10,1342
2010M11,1370
2010M12,1391
2011M01,1360
2011M02,1375
2011M03,1423
2011M04,1481
2011M05,1513
2011M06,1529
2011M07,1573
2011M08,1759
2011M09,1772
2011M10,1666
2011M11,1739
2011M12,1640
2012M01,1654
2012M02,1745
2012M03,1676
2012M04,1649
2012M05,1589
2012M06,1599
2012M07,1594
2012M08,1630
2012M09,1745
2012M10,1747
2012M11,1722
2012M12,1685
2013M01,1672
2013M02,1628
2013M03,1593
2013M04,1488
2013M05,1414
2013M06,1343
2013M07,1286
2013M08,1352
2013M09,1349
2013M10,1317
2013M11,1276
2013M12,1222
2014M01,1244
2014M02,1300
2014M03,1336
2014M04,1298
2014M05,1289
2014M06,1279
2014M07,1311
2014M08,1295
2014M09,1237
2014M10,1222
2014M11,1175
2014M12,1201
2015M01,1251
2015M02,1227
2015M03,1179
2015M04,1199
2015M05,1199
2015M06,1182
2015M07,1128
2015M08,1118
2015M09,1125
2015M10,1159
2015M11,1086
2015M12,1076
2016M01,1098
2016M02,1200
2016M03,1245
2016M04,1242
2016M05,1261
2016M06,1276
2016M07,1337
2016M08,1340
2016M09,1327
2016M10,1267
2016M11,1238
2016M12,1157
2017M01,1192
2017M02,1234
2017M03,1231
2017M04,1267
2017M05,1246
2017M06,1260
2017M07,1237
2017M08,1283
2017M09,1314
2017M10,1280
2017M11,1282
2017M12,1264
2018M01,1331
2018M02,1331
2018M03,1325
2018M04,1335
2018M05,1303
2018M06,1282
2018M07,1238
2018M08,1202
2018M09,1198
2018M10,1215
2018M11,1221
2018M12,1250
2019M01,1292
2019M02,1320
2019M03,1301
2019M04,1286
2019M05,1284
2019M06,1359
2019M07,1413
2019M08,1500
2019M09,1511
2019M10,1495
2019M11,1471
2019M12,1479
2020M01,1561
2020M02,1597
2020M03,1592
2020M04,1683
2020M05,1716
2020M06,1732
2020M07,1847
2020M08,1969
2020M09,1922
2020M10,1900
2020M11,1866
2020M12,1858
2021M01,1867
2021M02,1808
2021M03,1718
2021M04,1760
2021M05,1850
2021M06,1835
2021M07,1808
2021M08,1785
2021M09,1775
2021M10,1777
2021M11,1822
2021M12,1790
2022M01,1816
2022M02,1856
2022M03,1948
2022M04,1937
2022M05,1849
2022M06,1837
2022M07,1733
2022M08,1765
2022M09,1681
2022M10,1664
2022M11,1725
2022M12,1798
2023M01,1898
2023M02,1855
2023M03,1913
2023M04,2000
2023M05,1992
2023M06,1943
2023M07,1951
2023M08,1919
2023M09,1916
2023M10,1916
2023M11,1984
2023M12,2026
2024M01,2034
2024M02,2023
2024M03,2158
2024M04,2331
2024M05,2351
2024M06,2326
2024M07,2398
2024M08,2470
2024M09,2571
2024M10,2690
2024M11,2651
2024M12,2648
2025M01,2710
2025M02,2895
2025M03,2983
2025M04,3218
2025M05,3309
2025M06,3353
2025M07,3340
2025M08,3368
2025M09,3668
2025M10,4058
2025M11,4087
2025M12,4309
2026M01,4753
2026M02,5020
2026M03,4856
2026M04,4721
2026M05,4587
2026M06,4228
2026M07,4073
2026M08,4411
