trimestre,espanya,catalunya
2000T1,1264.36,1323.38
2000T2,1333.83,1469.54
2000T3,1298.22,1355.49
2000T4,1444.37,1543.02
2001T1,1303.49,1390.3
2001T2,1369.61,1511.04
2001T3,1347.9,1417.58
2001T4,1498.49,1605.09
2002T1,1354.62,1456.12
2002T2,1422.96,1579.91
2002T3,1396.89,1486.69
2002T4,1554.54,1680.1
2003T1,1422.77,1535.92
2003T2,1484.64,1646.56
2003T3,1443.33,1525.25
2003T4,1610.53,1769.13
2004T1,1479.3,1604.26
2004T2,1535.0,1737.28
2004T3,1472.23,1564.66
2004T4,1648.71,1854.09
2005T1,1506.35,1643.85
2005T2,1588.21,1795.92
2005T3,1502.25,1606.99
2005T4,1691.15,1895.32
2006T1,1566.06,1687.67
2006T2,1669.42,1843.94
2006T3,1574.36,1675.82
2006T4,1778.0,1923.82
2007T1,1633.84,1752.84
2007T2,1731.68,1921.56
2007T3,1635.72,1739.17
2007T4,1851.4,2019.25
2008T1,1719.02,1845.56
2008T2,1818.35,2010.07
2008T3,1722.45,1826.12
2008T4,1940.29,2098.33
2009T1,1768.87,1882.31
2009T2,1893.28,2071.41
2009T3,1776.61,1855.17
2009T4,1993.15,2119.35
2010T1,1802.0,1925.0
2010T2,1926.75,2116.35
2010T3,1779.27,1861.86
2010T4,1992.9,2143.38
2011T1,1819.62,1947.19
2011T2,1938.78,2123.72
2011T3,1800.84,1898.99
2011T4,2020.13,2174.6
2012T1,1841.89,1978.52
2012T2,1939.73,2090.87
2012T3,1805.63,1916.64
2012T4,1946.91,2149.06
2013T1,1809.22,1951.63
2013T2,1928.72,2091.64
2013T3,1801.42,1910.12
2013T4,1995.68,2133.89
2014T1,1805.76,1914.01
2014T2,1929.58,2070.25
2014T3,1800.46,1877.81
2014T4,1991.84,2080.93
2015T1,1831.7,1939.42
2015T2,1941.74,2097.8
2015T3,1809.88,1893.52
2015T4,2026.14,2136.56
2016T1,1832.26,1940.57
2016T2,1943.01,2107.11
2016T3,1804.01,1875.14
2016T4,2010.73,2144.46
2017T1,1829.13,1920.28
2017T2,1942.01,2106.7
2017T3,1809.12,1872.04
2017T4,2020.14,2146.46
2018T1,1844.24,1980.79
2018T2,1951.81,2124.89
2018T3,1842.62,1911.73
2018T4,2039.01,2186.24
2019T1,1876.19,2018.4
2019T2,1992.18,2165.01
2019T3,1876.95,1962.71
2019T4,2075.43,2246.23
2020T1,1889.78,1968.5
2020T2,1804.08,1879.1
2020T3,1859.12,1987.07
2020T4,2061.32,2186.91
2021T1,1907.82,2033.09
2021T2,2064.37,2229.06
2021T3,1952.37,2067.93
2021T4,2165.79,2333.35
2022T1,2006.61,2166.23
2022T2,2153.88,2354.14
2022T3,2032.05,2181.48
2022T4,2268.0,2443.37
2023T1,2126.63,2301.79
2023T2,2262.63,2490.45
2023T3,2117.8,2256.46
2023T4,2359.38,2556.83
2024T1,2206.06,2398.08
2024T2,2353.59,2574.64
2024T3,2205.43,2331.6
2024T4,2442.32,2622.1
2025T1,2290.46,2499.96
2025T2,2416.5,2635.34
2025T3,2268.0,2394.76
2025T4,2531.22,2686.98
2026T1,2403.8,2641.81
2026T2,2512.68,2770.19
