mes,index_espanya,taxa_anual_espanya,index_catalunya,taxa_anual_catalunya
1962M01,,0.4,,
1962M02,,1.6,,
1962M03,,3.0,,
1962M04,,4.2,,
1962M05,,5.8,,
1962M06,,6.9,,
1962M07,,6.9,,
1962M08,,6.5,,
1962M09,,7.0,,
1962M10,,7.6,,
1962M11,,8.7,,
1962M12,,9.9,,
1963M01,,10.4,,
1963M02,,10.7,,
1963M03,,11.9,,
1963M04,,10.3,,
1963M05,,9.5,,
1963M06,,6.9,,
1963M07,,8.1,,
1963M08,,9.5,,
1963M09,,8.5,,
1963M10,,7.8,,
1963M11,,6.4,,
1963M12,,5.5,,
1964M01,,5.1,,
1964M02,,4.3,,
1964M03,,2.6,,
1964M04,,3.1,,
1964M05,,2.8,,
1964M06,,6.1,,
1964M07,,7.3,,
1964M08,,7.8,,
1964M09,,9.1,,
1964M10,,10.6,,
1964M11,,11.8,,
1964M12,,12.7,,
1965M01,,14.0,,
1965M02,,15.8,,
1965M03,,16.4,,
1965M04,,16.8,,
1965M05,,17.0,,
1965M06,,14.9,,
1965M07,,12.6,,
1965M08,,11.4,,
1965M09,,11.4,,
1965M10,,10.2,,
1965M11,,10.0,,
1965M12,,9.4,,
1966M01,,8.1,,
1966M02,,6.2,,
1966M03,,5.4,,
1966M04,,5.6,,
1966M05,,6.7,,
1966M06,,7.4,,
1966M07,,7.2,,
1966M08,,6.9,,
1966M09,,5.5,,
1966M10,,5.6,,
1966M11,,5.2,,
1966M12,,5.3,,
1967M01,,5.5,,
1967M02,,6.4,,
1967M03,,6.9,,
1967M04,,7.3,,
1967M05,,6.1,,
1967M06,,5.0,,
1967M07,,5.1,,
1967M08,,6.5,,
1967M09,,7.1,,
1967M10,,6.9,,
1967M11,,7.3,,
1967M12,,6.6,,
1968M01,,6.8,,
1968M02,,6.0,,
1968M03,,6.6,,
1968M04,,6.1,,
1968M05,,5.4,,
1968M06,,6.6,,
1968M07,,5.6,,
1968M08,,4.2,,
1968M09,,3.7,,
1968M10,,3.6,,
1968M11,,2.2,,
1968M12,,2.9,,
1969M01,,2.4,,
1969M02,,1.7,,
1969M03,,1.3,,
1969M04,,1.6,,
1969M05,,2.0,,
1969M06,,0.5,,
1969M07,,2.1,,
1969M08,,2.4,,
1969M09,,2.7,,
1969M10,,2.8,,
1969M11,,3.0,,
1969M12,,3.4,,
1970M01,,4.2,,
1970M02,,4.4,,
1970M03,,4.6,,
1970M04,,3.9,,
1970M05,,3.2,,
1970M06,,4.8,,
1970M07,,6.0,,
1970M08,,7.3,,
1970M09,,7.6,,
1970M10,,8.3,,
1970M11,,7.6,,
1970M12,,6.8,,
1971M01,,7.4,,
1971M02,,7.7,,
1971M03,,8.0,,
1971M04,,8.6,,
1971M05,,10.0,,
1971M06,,10.0,,
1971M07,,8.0,,
1971M08,,6.5,,
1971M09,,7.3,,
1971M10,,7.4,,
1971M11,,8.5,,
1971M12,,9.6,,
1972M01,,8.6,,
1972M02,,8.6,,
1972M03,,8.5,,
1972M04,,7.4,,
1972M05,,7.2,,
1972M06,,7.0,,
1972M07,,8.5,,
1972M08,,9.4,,
1972M09,,9.7,,
1972M10,,9.2,,
1972M11,,7.9,,
1972M12,,7.3,,
1973M01,,8.1,,
1973M02,,8.3,,
1973M03,,8.2,,
1973M04,,9.7,,
1973M05,,10.8,,
1973M06,,12.2,,
1973M07,,11.9,,
1973M08,,12.5,,
1973M09,,12.9,,
1973M10,,13.9,,
1973M11,,13.8,,
1973M12,,14.2,,
1974M01,,14.0,,
1974M02,,14.2,,
1974M03,,15.8,,
1974M04,,16.6,,
1974M05,,16.4,,
1974M06,,15.2,,
1974M07,,15.3,,
1974M08,,15.3,,
1974M09,,15.1,,
1974M10,,14.5,,
1974M11,,17.5,,
1974M12,,17.9,,
1975M01,,18.8,,
1975M02,,19.6,,
1975M03,,17.8,,
1975M04,,17.3,,
1975M05,,17.2,,
1975M06,,17.1,,
1975M07,,17.5,,
1975M08,,17.4,,
1975M09,,17.5,,
1975M10,,16.2,,
1975M11,,13.8,,
1975M12,,14.1,,
1976M01,,13.9,,
1976M02,,14.1,,
1976M03,,15.9,,
1976M04,,16.2,,
1976M05,,20.1,,
1976M06,,19.0,,
1976M07,,17.9,,
1976M08,,17.1,,
1976M09,,17.4,,
1976M10,,19.0,,
1976M11,,20.5,,
1976M12,,19.8,,
1977M01,,22.2,,
1977M02,,22.7,,
1977M03,,22.8,,
1977M04,,22.5,,
1977M05,,18.2,,
1977M06,,22.2,,
1977M07,,25.4,,
1977M08,,28.4,,
1977M09,,27.8,,
1977M10,,28.0,,
1977M11,,26.7,,
1977M12,,26.4,,
1978M01,,24.4,,
1978M02,,23.7,,
1978M03,,22.4,,
1978M04,,22.7,,
1978M05,,22.9,,
1978M06,,20.8,,
1978M07,,19.5,,
1978M08,,17.7,,
1978M09,,17.1,,
1978M10,,16.3,,
1978M11,,15.9,,
1978M12,,16.5,,
1979M01,,16.7,,16.6
1979M02,,16.4,,16.9
1979M03,,16.2,,16.9
1979M04,,15.5,,15.1
1979M05,,15.7,,14.8
1979M06,,15.5,,15.0
1979M07,,15.5,,14.9
1979M08,,14.7,,14.3
1979M09,,15.2,,16.0
1979M10,,15.7,,14.9
1979M11,,15.5,,15.0
1979M12,,15.6,,15.7
1980M01,,16.8,,16.0
1980M02,,16.9,,16.3
1980M03,,16.3,,15.3
1980M04,,15.7,,15.2
1980M05,,15.2,,14.9
1980M06,,15.9,,15.5
1980M07,,15.1,,15.0
1980M08,,15.3,,15.2
1980M09,,15.0,,14.1
1980M10,,14.4,,13.7
1980M11,,15.3,,14.6
1980M12,,15.2,,14.9
1981M01,,14.4,,15.2
1981M02,,14.0,,13.7
1981M03,,15.6,,15.6
1981M04,,15.6,,15.2
1981M05,,15.4,,14.6
1981M06,,13.7,,13.3
1981M07,,14.3,,13.5
1981M08,,14.4,,13.8
1981M09,,14.1,,12.9
1981M10,,14.4,,13.9
1981M11,,14.3,,13.7
1981M12,,14.4,,13.1
1982M01,,14.5,,13.2
1982M02,,14.8,,13.7
1982M03,,13.6,,12.5
1982M04,,14.0,,13.6
1982M05,,15.1,,15.5
1982M06,,16.1,,16.2
1982M07,,15.3,,15.8
1982M08,,14.7,,14.8
1982M09,,14.0,,14.6
1982M10,,13.8,,14.2
1982M11,,13.2,,13.6
1982M12,,14.0,,14.9
1983M01,,13.6,,13.5
1983M02,,13.3,,13.4
1983M03,,12.8,,12.8
1983M04,,12.9,,13.4
1983M05,,11.8,,11.8
1983M06,,11.3,,11.4
1983M07,,10.3,,9.7
1983M08,,11.0,,11.5
1983M09,,11.8,,12.0
1983M10,,12.2,,12.1
1983M11,,13.0,,13.0
1983M12,,12.2,,12.1
1984M01,,12.1,,12.2
1984M02,,11.9,,12.1
1984M03,,12.2,,12.8
1984M04,,11.2,,11.0
1984M05,,11.3,,11.0
1984M06,,11.4,,11.0
1984M07,,12.7,,13.0
1984M08,,12.0,,10.8
1984M09,,11.4,,10.2
1984M10,,10.5,,10.5
1984M11,,10.0,,9.9
1984M12,,9.0,,8.9
1985M01,,9.4,,9.9
1985M02,,9.7,,10.1
1985M03,,9.5,,9.6
1985M04,,10.2,,10.7
1985M05,,9.9,,10.4
1985M06,,8.9,,9.4
1985M07,,7.9,,7.9
1985M08,,7.3,,8.7
1985M09,,8.3,,9.5
1985M10,,8.2,,9.1
1985M11,,8.5,,9.4
1985M12,,8.2,,9.0
1986M01,,9.3,,9.9
1986M02,,9.0,,9.8
1986M03,,8.6,,9.3
1986M04,,7.8,,8.3
1986M05,,7.8,,8.7
1986M06,,8.9,,9.7
1986M07,,9.4,,10.2
1986M08,,9.5,,9.8
1986M09,,9.5,,10.4
1986M10,,9.3,,9.7
1986M11,,8.2,,8.6
1986M12,,8.3,,8.8
1987M01,,6.0,,6.3
1987M02,,6.0,,6.6
1987M03,,6.3,,6.9
1987M04,,6.3,,6.7
1987M05,,5.8,,6.5
1987M06,,4.9,,5.5
1987M07,,4.9,,5.5
1987M08,,4.6,,5.3
1987M09,,4.4,,5.1
1987M10,,4.7,,5.8
1987M11,,4.7,,5.6
1987M12,,4.6,,5.5
1988M01,,4.5,,5.1
1988M02,,4.3,,4.4
1988M03,,4.5,,4.4
1988M04,,3.9,,3.7
1988M05,,4.0,,3.7
1988M06,,4.4,,4.2
1988M07,,4.7,,4.1
1988M08,,5.8,,5.4
1988M09,,5.7,,5.5
1988M10,,5.2,,4.6
1988M11,,5.4,,4.9
1988M12,,5.8,,5.5
1989M01,,6.4,,6.2
1989M02,,6.2,,5.9
1989M03,,6.1,,5.8
1989M04,,6.7,,6.5
1989M05,,6.9,,6.9
1989M06,,7.1,,7.3
1989M07,,7.4,,8.0
1989M08,,6.6,,7.1
1989M09,,6.8,,7.3
1989M10,,7.1,,7.5
1989M11,,7.3,,7.9
1989M12,,6.9,,7.3
1990M01,,6.7,,7.4
1990M02,,7.3,,8.4
1990M03,,7.0,,8.3
1990M04,,7.0,,8.0
1990M05,,6.8,,7.9
1990M06,,6.5,,7.6
1990M07,,6.3,,7.2
1990M08,,6.5,,7.3
1990M09,,6.5,,7.2
1990M10,,7.0,,8.3
1990M11,,6.7,,7.5
1990M12,,6.5,,7.3
1991M01,,6.7,,7.7
1991M02,,5.9,,6.9
1991M03,,5.9,,6.7
1991M04,,5.9,,6.6
1991M05,,6.2,,6.9
1991M06,,6.2,,6.7
1991M07,,6.1,,6.6
1991M08,,6.0,,6.3
1991M09,,5.7,,6.2
1991M10,,5.5,,5.2
1991M11,,5.7,,6.2
1991M12,,5.5,,6.8
1992M01,,6.0,,6.7
1992M02,,6.8,,7.8
1992M03,,6.9,,7.7
1992M04,,6.5,,7.5
1992M05,,6.5,,7.3
1992M06,,6.2,,6.9
1992M07,,5.2,,6.1
1992M08,,5.8,,6.7
1992M09,,5.8,,6.6
1992M10,,5.2,,6.4
1992M11,,5.1,,5.9
1992M12,,5.3,,5.5
1993M01,,4.7,,5.1
1993M02,,4.0,,4.1
1993M03,,4.0,,4.6
1993M04,,4.6,,5.6
1993M05,,4.6,,5.4
1993M06,,4.9,,5.7
1993M07,,4.9,,5.5
1993M08,,4.6,,5.8
1993M09,,4.3,,5.0
1993M10,,4.6,,5.1
1993M11,,4.7,,5.3
1993M12,,4.9,,5.2
1994M01,,5.0,,5.3
1994M02,,5.0,,5.2
1994M03,,5.0,,5.0
1994M04,,4.9,,4.9
1994M05,,4.9,,4.8
1994M06,,4.7,,4.4
1994M07,,4.8,,4.4
1994M08,,4.8,,4.5
1994M09,,4.5,,4.1
1994M10,,4.4,,4.1
1994M11,,4.4,,3.9
1994M12,,4.3,,4.1
1995M01,,4.4,,4.1
1995M02,,4.8,,4.7
1995M03,,5.1,,4.9
1995M04,,5.2,,5.0
1995M05,,5.1,,5.0
1995M06,,5.1,,4.9
1995M07,,4.7,,4.7
1995M08,,4.3,,4.3
1995M09,,4.4,,4.3
1995M10,,4.3,,4.2
1995M11,,4.4,,4.4
1995M12,,4.3,,4.3
1996M01,,3.9,,4.0
1996M02,,3.7,,3.8
1996M03,,3.4,,3.7
1996M04,,3.5,,3.7
1996M05,,3.8,,4.0
1996M06,,3.6,,3.9
1996M07,,3.7,,4.1
1996M08,,3.7,,4.0
1996M09,,3.6,,3.9
1996M10,,3.5,,3.9
1996M11,,3.2,,3.7
1996M12,,3.2,,3.7
1997M01,,2.9,,3.2
1997M02,,2.5,,2.9
1997M03,,2.2,,2.5
1997M04,,1.7,,1.9
1997M05,,1.5,,1.7
1997M06,,1.6,,1.7
1997M07,,1.6,,1.8
1997M08,,1.8,,2.1
1997M09,,2.0,,2.2
1997M10,,1.9,,2.0
1997M11,,2.0,,2.1
1997M12,,2.0,,2.1
1998M01,,2.0,,2.2
1998M02,,1.8,,1.9
1998M03,,1.8,,1.9
1998M04,,2.0,,2.3
1998M05,,2.0,,2.2
1998M06,,2.1,,2.4
1998M07,,2.2,,2.6
1998M08,,2.1,,2.4
1998M09,,1.6,,2.0
1998M10,,1.7,,2.0
1998M11,,1.4,,1.8
1998M12,,1.4,,1.8
1999M01,,1.5,,1.8
1999M02,,1.8,,2.2
1999M03,,2.2,,2.6
1999M04,,2.4,,2.7
1999M05,,2.2,,2.7
1999M06,,2.2,,2.7
1999M07,,2.2,,2.7
1999M08,,2.4,,2.9
1999M09,,2.5,,3.0
1999M10,,2.5,,3.1
1999M11,,2.7,,3.3
1999M12,,2.9,,3.5
2000M01,,2.9,,3.5
2000M02,,3.0,,3.6
2000M03,,2.9,,3.4
2000M04,,3.0,,3.5
2000M05,,3.1,,3.5
2000M06,,3.4,,3.8
2000M07,,3.6,,4.0
2000M08,,3.6,,4.1
2000M09,,3.7,,4.0
2000M10,,4.0,,4.2
2000M11,,4.1,,4.2
2000M12,,4.0,,4.2
2001M01,,3.7,,3.7
2001M02,,3.8,,3.9
2001M03,,3.9,,4.0
2001M04,,4.0,,4.0
2001M05,,4.2,,4.1
2001M06,,4.2,,4.1
2001M07,,3.9,,3.7
2001M08,,3.7,,3.4
2001M09,,3.4,,3.3
2001M10,,3.0,,3.0
2001M11,,2.7,,2.7
2001M12,,2.7,,2.8
2002M01,58.717,3.1,56.571,3.1
2002M02,58.768,3.1,56.574,3.1
2002M03,59.253,3.1,57.038,3.1
2002M04,60.058,3.6,57.794,3.7
2002M05,60.274,3.6,57.996,3.7
2002M06,60.277,3.4,58.077,3.6
2002M07,59.858,3.4,57.685,3.6
2002M08,60.03,3.6,57.866,3.8
2002M09,60.255,3.5,58.067,3.6
2002M10,60.851,4.0,58.664,4.2
2002M11,60.946,3.9,58.724,4.2
2002M12,61.148,4.0,59.048,4.3
2003M01,60.896,3.7,58.876,4.1
2003M02,61.026,3.8,59.017,4.3
2003M03,61.449,3.7,59.43,4.2
2003M04,61.949,3.1,59.925,3.7
2003M05,61.892,2.7,59.822,3.1
2003M06,61.933,2.7,59.902,3.1
2003M07,61.545,2.8,59.561,3.3
2003M08,61.827,3.0,59.895,3.5
2003M09,62.011,2.9,60.041,3.4
2003M10,62.429,2.6,60.496,3.1
2003M11,62.633,2.8,60.676,3.3
2003M12,62.74,2.6,60.874,3.1
2004M01,62.3,2.3,60.522,2.8
2004M02,62.329,2.1,60.526,2.6
2004M03,62.764,2.1,60.926,2.5
2004M04,63.623,2.7,61.774,3.1
2004M05,63.999,3.4,62.137,3.9
2004M06,64.1,3.5,62.266,3.9
2004M07,63.614,3.4,61.846,3.8
2004M08,63.895,3.3,62.203,3.9
2004M09,64.009,3.2,62.255,3.7
2004M10,64.667,3.6,62.887,4.0
2004M11,64.828,3.5,63.057,3.9
2004M12,64.765,3.2,63.071,3.6
2005M01,64.219,3.1,62.703,3.6
2005M02,64.386,3.3,62.821,3.8
2005M03,64.895,3.4,63.338,4.0
2005M04,65.83,3.5,64.248,4.0
2005M05,65.956,3.1,64.404,3.6
2005M06,66.11,3.1,64.588,3.7
2005M07,65.705,3.3,64.262,3.9
2005M08,65.994,3.3,64.547,3.8
2005M09,66.399,3.7,64.917,4.3
2005M10,66.939,3.5,65.437,4.1
2005M11,67.04,3.4,65.558,4.0
2005M12,67.184,3.7,65.775,4.3
2006M01,66.912,4.2,65.58,4.6
2006M02,66.944,4.0,65.52,4.3
2006M03,67.418,3.9,65.897,4.0
2006M04,68.369,3.9,66.811,4.0
2006M05,68.615,4.0,67.073,4.1
2006M06,68.719,3.9,67.236,4.1
2006M07,68.31,4.0,66.893,4.1
2006M08,68.45,3.7,67.043,3.9
2006M09,68.337,2.9,66.877,3.0
2006M10,68.618,2.5,67.112,2.6
2006M11,68.787,2.6,67.313,2.7
2006M12,68.976,2.7,67.591,2.8
2007M01,68.512,2.4,67.16,2.4
2007M02,68.559,2.4,67.163,2.5
2007M03,69.079,2.5,67.674,2.7
2007M04,70.033,2.4,68.597,2.7
2007M05,70.225,2.3,68.824,2.6
2007M06,70.354,2.4,69.024,2.7
2007M07,69.843,2.2,68.571,2.5
2007M08,69.938,2.2,68.626,2.4
2007M09,70.168,2.7,68.784,2.9
2007M10,71.077,3.6,69.64,3.8
2007M11,71.587,4.1,70.106,4.2
2007M12,71.887,4.2,70.526,4.3
2008M01,71.442,4.3,70.106,4.4
2008M02,71.553,4.4,70.149,4.4
2008M03,72.188,4.5,70.733,4.5
2008M04,72.965,4.2,71.427,4.1
2008M05,73.458,4.6,71.945,4.5
2008M06,73.881,5.0,72.42,4.9
2008M07,73.526,5.3,72.1,5.1
2008M08,73.368,4.9,71.952,4.8
2008M09,73.353,4.5,71.879,4.5
2008M10,73.605,3.6,72.165,3.6
2008M11,73.293,2.4,71.894,2.5
2008M12,72.917,1.4,71.649,1.6
2009M01,72.018,0.8,70.875,1.1
2009M02,72.026,0.7,70.883,1.0
2009M03,72.144,-0.1,70.988,0.4
2009M04,72.849,-0.2,71.72,0.4
2009M05,72.823,-0.9,71.724,-0.3
2009M06,73.144,-1.0,72.058,-0.5
2009M07,72.52,-1.4,71.451,-0.9
2009M08,72.773,-0.8,71.706,-0.3
2009M09,72.601,-1.0,71.52,-0.5
2009M10,73.119,-0.7,71.984,-0.2
2009M11,73.515,0.3,72.394,0.7
2009M12,73.496,0.8,72.49,1.2
2010M01,72.759,1.0,71.839,1.4
2010M02,72.627,0.8,71.7,1.2
2010M03,73.165,1.4,72.228,1.7
2010M04,73.944,1.5,72.949,1.7
2010M05,74.109,1.8,73.142,2.0
2010M06,74.241,1.5,73.285,1.7
2010M07,73.909,1.9,73.03,2.2
2010M08,74.095,1.8,73.22,2.1
2010M09,74.146,2.1,73.226,2.4
2010M10,74.824,2.3,73.833,2.6
2010M11,75.23,2.3,74.178,2.5
2010M12,75.692,3.0,74.682,3.0
2011M01,75.138,3.3,74.201,3.3
2011M02,75.234,3.6,74.294,3.6
2011M03,75.796,3.6,74.776,3.5
2011M04,76.739,3.8,75.714,3.8
2011M05,76.714,3.5,75.726,3.5
2011M06,76.606,3.2,75.674,3.3
2011M07,76.194,3.1,75.392,3.2
2011M08,76.289,3.0,75.441,3.0
2011M09,76.475,3.1,75.575,3.2
2011M10,77.078,3.0,76.116,3.1
2011M11,77.391,2.9,76.386,3.0
2011M12,77.492,2.4,76.566,2.5
2012M01,76.639,2.0,75.861,2.2
2012M02,76.719,2.0,75.958,2.2
2012M03,77.235,1.9,76.448,2.2
2012M04,78.32,2.1,77.548,2.4
2012M05,78.204,1.9,77.438,2.3
2012M06,78.058,1.9,77.31,2.2
2012M07,77.876,2.2,77.344,2.6
2012M08,78.314,2.7,77.78,3.1
2012M09,79.085,3.4,78.526,3.9
2012M10,79.757,3.5,79.295,4.2
2012M11,79.658,2.9,79.13,3.6
2012M12,79.714,2.9,79.336,3.6
2013M01,78.695,2.7,78.395,3.3
2013M02,78.832,2.8,78.467,3.3
2013M03,79.109,2.4,78.712,3.0
2013M04,79.405,1.4,78.962,1.8
2013M05,79.551,1.7,79.169,2.2
2013M06,79.669,2.1,79.292,2.6
2013M07,79.258,1.8,78.932,2.1
2013M08,79.504,1.5,79.137,1.7
2013M09,79.355,0.3,78.936,0.5
2013M10,79.678,-0.1,79.223,-0.1
2013M11,79.844,0.2,79.333,0.3
2013M12,79.915,0.3,79.518,0.2
2014M01,78.852,0.2,78.623,0.3
2014M02,78.818,0.0,78.644,0.2
2014M03,78.994,-0.1,78.77,0.1
2014M04,79.697,0.4,79.494,0.7
2014M05,79.715,0.2,79.547,0.5
2014M06,79.737,0.1,79.6,0.4
2014M07,78.987,-0.3,78.961,0.0
2014M08,79.112,-0.5,79.091,-0.1
2014M09,79.233,-0.2,79.045,0.1
2014M10,79.602,-0.1,79.323,0.1
2014M11,79.547,-0.4,79.284,-0.1
2014M12,79.083,-1.0,78.973,-0.7
2015M01,77.812,-1.3,77.886,-0.9
2015M02,77.972,-1.1,78.03,-0.8
2015M03,78.47,-0.7,78.545,-0.3
2015M04,79.191,-0.6,79.257,-0.3
2015M05,79.569,-0.2,79.649,0.1
2015M06,79.782,0.1,79.869,0.3
2015M07,79.041,0.1,79.244,0.4
2015M08,78.779,-0.4,79.003,-0.1
2015M09,78.536,-0.9,78.656,-0.5
2015M10,79.039,-0.7,79.078,-0.3
2015M11,79.329,-0.3,79.3,0.0
2015M12,79.097,0.0,79.194,0.3
2016M01,77.588,-0.3,77.858,0.0
2016M02,77.314,-0.8,77.633,-0.5
2016M03,77.81,-0.8,78.077,-0.6
2016M04,78.355,-1.1,78.623,-0.8
2016M05,78.783,-1.0,79.058,-0.7
2016M06,79.148,-0.8,79.447,-0.5
2016M07,78.572,-0.6,78.962,-0.4
2016M08,78.673,-0.1,79.088,0.1
2016M09,78.677,0.2,78.974,0.4
2016M10,79.576,0.7,79.793,0.9
2016M11,79.864,0.7,80.065,1.0
2016M12,80.338,1.6,80.709,1.9
2017M01,79.896,3.0,80.275,3.1
2017M02,79.608,3.0,80.042,3.1
2017M03,79.592,2.3,80.036,2.5
2017M04,80.356,2.6,80.794,2.8
2017M05,80.308,1.9,80.739,2.1
2017M06,80.343,1.5,80.827,1.7
2017M07,79.788,1.5,80.461,1.9
2017M08,79.947,1.6,80.668,2.0
2017M09,80.086,1.8,80.661,2.1
2017M10,80.825,1.6,81.275,1.9
2017M11,81.194,1.7,81.569,1.9
2017M12,81.231,1.1,81.717,1.2
2018M01,80.355,0.6,80.965,0.9
2018M02,80.463,1.1,81.125,1.4
2018M03,80.558,1.2,81.221,1.5
2018M04,81.224,1.1,81.786,1.2
2018M05,81.956,2.1,82.561,2.3
2018M06,82.17,2.3,82.78,2.4
2018M07,81.581,2.2,82.31,2.3
2018M08,81.697,2.2,82.443,2.2
2018M09,81.897,2.3,82.498,2.3
2018M10,82.654,2.3,83.232,2.4
2018M11,82.563,1.7,83.103,1.9
2018M12,82.193,1.2,82.859,1.4
2019M01,81.142,1.0,81.808,1.0
2019M02,81.34,1.1,82.036,1.1
2019M03,81.636,1.3,82.325,1.4
2019M04,82.459,1.5,83.171,1.7
2019M05,82.619,0.8,83.361,1.0
2019M06,82.522,0.4,83.392,0.7
2019M07,82.011,0.5,82.944,0.8
2019M08,81.965,0.3,82.957,0.6
2019M09,81.965,0.1,82.754,0.3
2019M10,82.76,0.1,83.444,0.3
2019M11,82.9,0.4,83.537,0.5
2019M12,82.84,0.8,83.612,0.9
2020M01,82.032,1.1,82.78,1.2
2020M02,81.935,0.7,82.728,0.8
2020M03,81.621,0.0,82.336,0.0
2020M04,81.868,-0.7,82.578,-0.7
2020M05,81.863,-0.9,82.551,-1.0
2020M06,82.24,-0.3,82.913,-0.6
2020M07,81.502,-0.6,82.267,-0.8
2020M08,81.54,-0.5,82.301,-0.8
2020M09,81.662,-0.4,82.36,-0.5
2020M10,82.09,-0.8,82.567,-1.1
2020M11,82.225,-0.8,82.739,-1.0
2020M12,82.4,-0.5,83.072,-0.6
2021M01,82.407,0.5,83.133,0.4
2021M02,81.922,0.0,82.656,-0.1
2021M03,82.716,1.3,83.376,1.3
2021M04,83.693,2.2,84.267,2.0
2021M05,84.087,2.7,84.678,2.6
2021M06,84.487,2.7,85.068,2.6
2021M07,83.85,2.9,84.535,2.8
2021M08,84.232,3.3,84.847,3.1
2021M09,84.934,4.0,85.415,3.7
2021M10,86.496,5.4,86.848,5.2
2021M11,86.761,5.5,87.144,5.3
2021M12,87.797,6.5,88.18,6.1
2022M01,87.46,6.1,88.017,5.9
2022M02,88.167,7.6,88.75,7.4
2022M03,90.837,9.8,91.289,9.5
2022M04,90.676,8.3,90.978,8.0
2022M05,91.426,8.7,91.635,8.2
2022M06,93.118,10.2,93.34,9.7
2022M07,92.881,10.8,93.249,10.3
2022M08,93.117,10.5,93.486,10.2
2022M09,92.47,8.9,92.706,8.5
2022M10,92.78,7.3,92.782,6.8
2022M11,92.669,6.8,92.73,6.4
2022M12,92.808,5.7,92.777,5.2
2023M01,92.613,5.9,92.721,5.3
2023M02,93.487,6.0,93.675,5.6
2023M03,93.831,3.3,94.1,3.1
2023M04,94.39,4.1,94.539,3.9
2023M05,94.345,3.2,94.568,3.2
2023M06,94.881,1.9,95.093,1.9
2023M07,95.042,2.3,95.396,2.3
2023M08,95.552,2.6,95.853,2.5
2023M09,95.721,3.5,95.83,3.4
2023M10,95.998,3.5,95.951,3.4
2023M11,95.663,3.2,95.604,3.1
2023M12,95.687,3.1,95.726,3.2
2024M01,95.768,3.4,95.809,3.3
2024M02,96.108,2.8,96.166,2.7
2024M03,96.84,3.2,97.034,3.1
2024M04,97.514,3.3,97.637,3.3
2024M05,97.771,3.6,97.976,3.6
2024M06,98.139,3.4,98.473,3.6
2024M07,97.673,2.8,98.12,2.9
2024M08,97.713,2.3,98.173,2.4
2024M09,97.123,1.5,97.444,1.7
2024M10,97.729,1.8,97.87,2.0
2024M11,97.968,2.4,98.132,2.6
2024M12,98.411,2.8,98.539,2.9
2025M01,98.579,2.9,98.686,3.0
2025M02,98.966,3.0,99.153,3.1
2025M03,99.024,2.3,99.122,2.2
2025M04,99.647,2.2,99.713,2.1
2025M05,99.714,2.0,99.769,1.8
2025M06,100.382,2.3,100.466,2.0
2025M07,100.305,2.7,100.367,2.3
2025M08,100.345,2.7,100.525,2.4
2025M09,100.059,3.0,100.021,2.6
2025M10,100.748,3.1,100.453,2.6
2025M11,100.943,3.0,100.706,2.6
2025M12,101.289,2.9,101.019,2.5
2026M01,100.836,2.3,100.619,2.0
2026M02,101.261,2.3,101.108,2.0
2026M03,102.44,3.4,102.184,3.1
2026M04,102.883,3.2,102.662,3.0
2026M05,102.951,3.2,102.858,3.1
2026M06,103.598,3.2,103.641,3.2
2026M07,103.899,3.6,103.861,3.5
2026M08,104.638,4.3,104.508,4.0
2026M09,,4.9,,
