mes,usd_per_euro
1999-01,1.16078
1999-02,1.120765
1999-03,1.0882956521739
1999-04,1.0704409090909
1999-05,1.0628095238095
1999-06,1.0377545454545
1999-07,1.0352681818182
1999-08,1.0603545454545
1999-09,1.0500772727273
1999-10,1.0706333333333
1999-11,1.0338227272727
1999-12,1.0110136363636
2000-01,1.0136952380952
2000-02,0.9834238095238
2000-03,0.9643434782609
2000-04,0.94695
2000-05,0.9059681818182
2000-06,0.9491772727273
2000-07,0.9396571428571
2000-08,0.9040565217391
2000-09,0.8721142857143
2000-10,0.8551590909091
2000-11,0.8563863636364
2000-12,0.8973157894737
2001-01,0.9382818181818
2001-02,0.921705
2001-03,0.9095227272727
2001-04,0.892
2001-05,0.8741636363636
2001-06,0.8531666666667
2001-07,0.8606636363636
2001-08,0.9004826086957
2001-09,0.911095
2001-10,0.9058652173913
2001-11,0.8883090909091
2001-12,0.8923722222222
2002-01,0.8832863636364
2002-02,0.870035
2002-03,0.8758
2002-04,0.8858428571429
2002-05,0.917
2002-06,0.95544
2002-07,0.9921826086957
2002-08,0.9777590909091
2002-09,0.9807952380952
2002-10,0.9811086956522
2002-11,1.0013619047619
2002-12,1.018255
2003-01,1.0621863636364
2003-02,1.077295
2003-03,1.0806523809524
2003-04,1.08476
2003-05,1.158180952381
2003-06,1.166280952381
2003-07,1.1371826086957
2003-08,1.1138666666667
2003-09,1.1221727272727
2003-10,1.1691913043478
2003-11,1.170195
2003-12,1.2285619047619
2004-01,1.261319047619
2004-02,1.264645
2004-03,1.2261652173913
2004-04,1.19854
2004-05,1.2007238095238
2004-06,1.2138318181818
2004-07,1.2265863636364
2004-08,1.2175954545455
2004-09,1.2217818181818
2004-10,1.2489666666667
2004-11,1.2991363636364
2004-12,1.3407608695652
2005-01,1.3119285714286
2005-02,1.301425
2005-03,1.3200666666667
2005-04,1.2937904761905
2005-05,1.2693954545455
2005-06,1.2164909090909
2005-07,1.203719047619
2005-08,1.2292434782609
2005-09,1.2256409090909
2005-10,1.2014523809524
2005-11,1.1785727272727
2005-12,1.1856095238095
2006-01,1.2103136363636
2006-02,1.193835
2006-03,1.202
2006-04,1.2271166666667
2006-05,1.2769590909091
2006-06,1.2649954545455
2006-07,1.2683666666667
2006-08,1.2811304347826
2006-09,1.2727428571429
2006-10,1.2611045454545
2006-11,1.2881409090909
2006-12,1.3212789473684
2007-01,1.2998636363636
2007-02,1.30742
2007-03,1.3241863636364
2007-04,1.3516157894737
2007-05,1.3511318181818
2007-06,1.3418571428571
2007-07,1.3715590909091
2007-08,1.362247826087
2007-09,1.389645
2007-10,1.422747826087
2007-11,1.4683636363636
2007-12,1.4570368421053
2008-01,1.4717909090909
2008-02,1.4748380952381
2008-03,1.5526526315789
2008-04,1.57505
2008-05,1.5557
2008-06,1.5552761904762
2008-07,1.5769695652174
2008-08,1.4975380952381
2008-09,1.43695
2008-10,1.3322086956522
2008-11,1.273215
2008-12,1.3449428571429
2009-01,1.3238666666667
2009-02,1.27847
2009-03,1.3049818181818
2009-04,1.31903
2009-05,1.365045
2009-06,1.4016454545455
2009-07,1.4087695652174
2009-08,1.4268
2009-09,1.4561636363636
2009-10,1.4816363636364
2009-11,1.4914476190476
2009-12,1.4613590909091
2010-01,1.42721
2010-02,1.36857
2010-03,1.356852173913
2010-04,1.34057
2010-05,1.2565333333333
2010-06,1.22085
2010-07,1.277
2010-08,1.2894181818182
2010-09,1.3067
2010-10,1.389780952381
2010-11,1.3660954545455
2010-12,1.3220130434783
2011-01,1.3359666666667
2011-02,1.364895
2011-03,1.3999173913043
2011-04,1.4441789473684
2011-05,1.4348636363636
2011-06,1.4388409090909
2011-07,1.4264285714286
2011-08,1.4343217391304
2011-09,1.377
2011-10,1.3706333333333
2011-11,1.3555727272727
2011-12,1.3179047619048
2012-01,1.2904863636364
2012-02,1.3224095238095
2012-03,1.3201
2012-04,1.3161736842105
2012-05,1.2788909090909
2012-06,1.2526285714286
2012-07,1.2288454545455
2012-08,1.2399956521739
2012-09,1.28557
2012-10,1.2974173913043
2012-11,1.2827727272727
2012-12,1.3119368421053
2013-01,1.3288045454545
2013-02,1.335905
2013-03,1.29636
2013-04,1.3026
2013-05,1.2982045454545
2013-06,1.318875
2013-07,1.3080130434783
2013-08,1.33095
2013-09,1.3347904761905
2013-10,1.3634956521739
2013-11,1.3492904761905
2013-12,1.37036
2014-01,1.3610227272727
2014-02,1.36585
2014-03,1.3822523809524
2014-04,1.38125
2014-05,1.3732142857143
2014-06,1.3592380952381
2014-07,1.3539173913043
2014-08,1.3316095238095
2014-09,1.2901363636364
2014-10,1.2672739130435
2014-11,1.24722
2014-12,1.2331333333333
2015-01,1.1621333333333
2015-02,1.134965
2015-03,1.0837681818182
2015-04,1.07793
2015-05,1.114955
2015-06,1.1213227272727
2015-07,1.0995782608696
2015-08,1.1139047619048
2015-09,1.1221181818182
2015-10,1.1235090909091
2015-11,1.0736
2015-12,1.0877181818182
2016-01,1.085965
2016-02,1.1092952380952
2016-03,1.1099666666667
2016-04,1.133919047619
2016-05,1.1311090909091
2016-06,1.1228909090909
2016-07,1.1068523809524
2016-08,1.1211739130435
2016-09,1.1212090909091
2016-10,1.1026047619048
2016-11,1.0798954545455
2016-12,1.0542904761905
2017-01,1.0614409090909
2017-02,1.064265
2017-03,1.0684695652174
2017-04,1.0722666666667
2017-05,1.10575
2017-06,1.1229454545455
2017-07,1.1511142857143
2017-08,1.1806739130435
2017-09,1.1914571428571
2017-10,1.1755863636364
2017-11,1.1738
2017-12,1.1836210526316
2018-01,1.21995
2018-02,1.23478
2018-03,1.233619047619
2018-04,1.22763
2018-05,1.1812227272727
2018-06,1.1678285714286
2018-07,1.1685727272727
2018-08,1.1548956521739
2018-09,1.16587
2018-10,1.1484043478261
2018-11,1.1366863636364
2018-12,1.1384210526316
2019-01,1.1416409090909
2019-02,1.135115
2019-03,1.1302476190476
2019-04,1.123825
2019-05,1.1184590909091
2019-06,1.12934
2019-07,1.1218391304348
2019-08,1.1126227272727
2019-09,1.1003904761905
2019-10,1.1052565217391
2019-11,1.1050952380952
2019-12,1.111345
2020-01,1.1100363636364
2020-02,1.0905
2020-03,1.1063409090909
2020-04,1.08619
2020-05,1.090185
2020-06,1.1254590909091
2020-07,1.1463391304348
2020-08,1.1828095238095
2020-09,1.1792409090909
2020-10,1.1775181818182
2020-11,1.1837904761905
2020-12,1.2169727272727
2021-01,1.217085
2021-02,1.20979
2021-03,1.1899086956522
2021-04,1.19791
2021-05,1.2145904761905
2021-06,1.2047090909091
2021-07,1.1821818181818
2021-08,1.1771818181818
2021-09,1.1770318181818
2021-10,1.1601476190476
2021-11,1.1414045454545
2021-12,1.1303782608696
2022-01,1.1314476190476
2022-02,1.13419
2022-03,1.1018956521739
2022-04,1.0818736842105
2022-05,1.05785
2022-06,1.0565818181818
2022-07,1.0178904761905
2022-08,1.0128434782609
2022-09,0.9903772727273
2022-10,0.9825666666667
2022-11,1.0201272727273
2022-12,1.058880952381
2023-01,1.0769
2023-02,1.07151
2023-03,1.0705826086957
2023-04,1.0967722222222
2023-05,1.08675
2023-06,1.0839863636364
2023-07,1.1058142857143
2023-08,1.0908869565217
2023-09,1.068380952381
2023-10,1.0562545454545
2023-11,1.0808227272727
2023-12,1.0903052631579
2024-01,1.0905136363636
2024-02,1.0794714285714
2024-03,1.08722
2024-04,1.0727761904762
2024-05,1.0812227272727
2024-06,1.0759
2024-07,1.0844086956522
2024-08,1.1012181818182
2024-09,1.1106
2024-10,1.0904347826087
2024-11,1.0630142857143
2024-12,1.047875
2025-01,1.0353727272727
2025-02,1.04125
2025-03,1.080680952381
2025-04,1.1213950000000001
2025-05,1.1278047619047618
2025-06,1.1516190476190478
2025-07,1.1676869565217392
2025-08,1.1631428571428575
2025-09,1.1732227272727274
2025-10,1.1630434782608696
2025-11,1.15602
2025-12,1.1708714285714283
2026-01,1.1738238095238096
2026-02,1.182395
2026-03,1.1558318181818181
2026-04,1.1706400000000001
2026-05,1.16732
2026-06,1.1518
2026-07,1.1417478260869562
2026-08,1.1593095238095241
2026-09,1.1513227272727276
