mes,efectiu,M1,M2,M3
1980-01,102253,444330,1070496,1097404
1980-02,103633,447116,1078232,1105520
1980-03,104128,451370,1088333,1117228
1980-04,104445,453226,1093263,1122639
1980-05,104711,455917,1100958,1130672
1980-06,105611,458753,1109205,1139157
1980-07,105670,464938,1120452,1150687
1980-08,106305,465216,1127098,1157482
1980-09,107165,466718,1133419,1164470
1980-10,107735,473228,1145159,1176441
1980-11,108567,476657,1160031,1192713
1980-12,109220,473379,1165452,1198927
1981-01,109369,476622,1175008,1209209
1981-02,110071,480316,1186668,1222048
1981-03,109225,481349,1194414,1233640
1981-04,110951,482746,1204188,1244293
1981-05,111486,486588,1215847,1257592
1981-06,112262,487093,1223076,1266536
1981-07,113367,488660,1230470,1275262
1981-08,112936,489042,1234000,1280121
1981-09,113331,493362,1246150,1293408
1981-10,113745,494975,1253958,1302173
1981-11,114208,497550,1264026,1313067
1981-12,115080,499258,1273805,1324037
1982-01,115312,504513,1287848,1338805
1982-02,115852,507652,1299092,1350759
1982-03,116326,512323,1313351,1366026
1982-04,117298,517834,1326733,1376835
1982-05,118955,519493,1334764,1385084
1982-06,119137,525037,1347524,1403542
1982-07,120662,527685,1358609,1414886
1982-08,120691,534112,1372472,1429591
1982-09,121217,537908,1382740,1440564
1982-10,122185,540880,1389853,1448567
1982-11,123286,548081,1401761,1461236
1982-12,122932,551435,1414556,1478452
1983-01,125359,556058,1425088,1488249
1983-02,126374,561066,1435898,1498226
1983-03,128012,564440,1443423,1505297
1983-04,128537,569885,1453878,1516179
1983-05,129566,574912,1464343,1527129
1983-06,130173,581509,1474969,1538465
1983-07,131516,586440,1486582,1550957
1983-08,132114,589345,1498206,1563091
1983-09,133154,590795,1503408,1569280
1983-10,133591,593003,1513481,1581495
1983-11,134028,597800,1526253,1595252
1983-12,134415,603201,1537092,1607971
1984-01,135572,605312,1543563,1616845
1984-02,136049,607750,1549774,1623473
1984-03,135889,610604,1559014,1633342
1984-04,136811,613037,1568820,1643658
1984-05,137414,618405,1583749,1659252
1984-06,138784,620180,1591965,1668177
1984-07,138670,623188,1603857,1681799
1984-08,139455,630220,1617813,1697027
1984-09,139809,633449,1631220,1711302
1984-10,141024,636282,1638411,1717983
1984-11,141442,641335,1649653,1729206
1984-12,141626,649438,1661882,1742791
1985-01,142409,655896,1676415,1758943
1985-02,142924,660173,1691806,1776558
1985-03,143802,662471,1700138,1788333
1985-04,144144,662313,1709983,1797511
1985-05,144745,664412,1715317,1804082
1985-06,145640,667103,1722006,1812216
1985-07,146070,673104,1731220,1823517
1985-08,147215,676373,1738364,1831278
1985-09,147622,681849,1746936,1840516
1985-10,148249,688046,1755357,1849577
1985-11,149113,691122,1760581,1856300
1985-12,149586,698795,1784034,1882118
1986-01,150242,702125,1792537,1891332
1986-02,151291,709952,1800828,1899853
1986-03,152373,724787,1818276,1919041
1986-04,153509,722982,1815354,1917327
1986-05,153973,730348,1824547,1927726
1986-06,154604,729246,1832456,1936535
1986-07,155392,737933,1847233,1950177
1986-08,156581,743114,1858580,1961502
1986-09,157194,748489,1872837,1976548
1986-10,157438,756418,1889296,1995452
1986-11,158416,758059,1896941,2004194
1986-12,159773,760344,1903734,2011545
1987-01,160186,767204,1918425,2026350
1987-02,161295,770640,1927091,2038106
1987-03,161391,777454,1940390,2053663
1987-04,164211,785292,1952955,2069485
1987-05,164813,788094,1962800,2084022
1987-06,166101,796118,1975973,2095216
1987-07,167801,800728,1985755,2109659
1987-08,168323,803222,1992865,2123852
1987-09,169670,809350,2002177,2137689
1987-10,170936,815589,2016290,2155101
1987-11,171911,816949,2024128,2168100
1987-12,172750,815428,2027444,2173838
1988-01,173957,824174,2037581,2186450
1988-02,174937,827054,2046281,2197901
1988-03,177212,832408,2057427,2210937
1988-04,177252,843094,2076081,2234863
1988-05,179806,848492,2090533,2252687
1988-06,181010,854395,2100900,2262415
1988-07,182512,863859,2116901,2280986
1988-08,183714,868224,2131825,2300792
1988-09,185014,869720,2139817,2315101
1988-10,186569,877198,2154925,2334535
1988-11,187463,881397,2167024,2349769
1988-12,189804,882693,2173774,2358041
1989-01,191064,888361,2185797,2374823
1989-02,192521,893464,2197853,2393302
1989-03,193910,908243,2222161,2423922
1989-04,194812,901575,2224430,2431297
1989-05,195548,907746,2240671,2452172
1989-06,197473,920566,2263203,2480570
1989-07,198021,926896,2280165,2502846
1989-08,198127,933145,2292824,2519586
1989-09,199930,935497,2303555,2534023
1989-10,200062,941093,2312607,2548639
1989-11,201096,947348,2326287,2568371
1989-12,203800,956837,2343345,2593728
1990-01,203425,965584,2360748,2621156
1990-02,204849,965756,2368976,2636316
1990-03,203933,965508,2371264,2644762
1990-04,204598,966414,2378067,2655640
1990-05,204506,972359,2386578,2670162
1990-06,206184,1006819,2494707,2786501
1990-07,210743,1014117,2506891,2804287
1990-08,211584,1022099,2521801,2823790
1990-09,212444,1028301,2539282,2846434
1990-10,214281,1027958,2548320,2864450
1990-11,215844,1033314,2560619,2884653
1990-12,217643,1058884,2573883,2907362
1991-01,219394,1056331,2583655,2923138
1991-02,221115,1065570,2601663,2947536
1991-03,221881,1059848,2601696,2954443
1991-04,223647,1064370,2615487,2969291
1991-05,224672,1070969,2630099,2986959
1991-06,226251,1073039,2639742,3003602
1991-07,227952,1080404,2650528,3025478
1991-08,229666,1083755,2665240,3050014
1991-09,230610,1081506,2672023,3064203
1991-10,232753,1081901,2683318,3083316
1991-11,233968,1091346,2704448,3109461
1991-12,235831,1099507,2722085,3132988
1992-01,234650,1093150,2720803,3137429
1992-02,236059,1092910,2729621,3152683
1992-03,236292,1100845,2747609,3174957
1992-04,239722,1108333,2764811,3206393
1992-05,240527,1114672,2778249,3232729
1992-06,240994,1109260,2784130,3249564
1992-07,244006,1113660,2792853,3271402
1992-08,245014,1115857,2803439,3285469
1992-09,247483,1128821,2836589,3332285
1992-10,248806,1132818,2839113,3336785
1992-11,251552,1145342,2860628,3361978
1992-12,256622,1144131,2853356,3365086
1993-01,255640,1139862,2861813,3378259
1993-02,256231,1141771,2876975,3396757
1993-03,257574,1152504,2905799,3441196
1993-04,258474,1155244,2918598,3450523
1993-05,260641,1159512,2937506,3469532
1993-06,260536,1166557,2950419,3479485
1993-07,261775,1170031,2962145,3487064
1993-08,262865,1175388,2977872,3503529
1993-09,263149,1183230,2989060,3515151
1993-10,265253,1198003,3013455,3540903
1993-11,267315,1213444,3037935,3562936
1993-12,268575,1221682,3067025,3588556
1994-01,270347,1234252,3085865,3598429
1994-02,271858,1241994,3101072,3606066
1994-03,274492,1254183,3125371,3622879
1994-04,275195,1257216,3133464,3633025
1994-05,276492,1251928,3135071,3632446
1994-06,276827,1260722,3145542,3642375
1994-07,277701,1262275,3155590,3656552
1994-08,279086,1268603,3157950,3656590
1994-09,281391,1271745,3162985,3656168
1994-10,282149,1278103,3169833,3670601
1994-11,282273,1273612,3167131,3678013
1994-12,283198,1273837,3159101,3672401
1995-01,284109,1270347,3158136,3679631
1995-02,285191,1279599,3172336,3700799
1995-03,285602,1279786,3176992,3698901
1995-04,286086,1280661,3182541,3709760
1995-05,286426,1288668,3197971,3730389
1995-06,287634,1291901,3212302,3752177
1995-07,286447,1295406,3220407,3758401
1995-08,287771,1300280,3233209,3781841
1995-09,290032,1313848,3256397,3804491
1995-10,290486,1312908,3269129,3820462
1995-11,291371,1320636,3280691,3840964
1995-12,294475,1349298,3312463,3877110
1996-01,294181,1342826,3319911,3891983
1996-02,294551,1342788,3329074,3906146
1996-03,296130,1347622,3337370,3919392
1996-04,297311,1360812,3358564,3933563
1996-05,298591,1367743,3368180,3940474
1996-06,299440,1370698,3382265,3948661
1996-07,299901,1379242,3397399,3963579
1996-08,301757,1391358,3412208,3982902
1996-09,302648,1403713,3430659,4002704
1996-10,304378,1413817,3436406,4007200
1996-11,305532,1431291,3455104,4016115
1996-12,306323,1458860,3485231,4037575
1997-01,307767,1455766,3482856,4040762
1997-02,309005,1462263,3493517,4054012
1997-03,309600,1462135,3496684,4061573
1997-04,310245,1462884,3498629,4068933
1997-05,310223,1481529,3514659,4097362
1997-06,310573,1497996,3533982,4121578
1997-07,310786,1511944,3548645,4143617
1997-08,312246,1519774,3558109,4146012
1997-09,313371,1529659,3570962,4169047
1997-10,313143,1553269,3595263,4191990
1997-11,313724,1552044,3600773,4201492
1997-12,313675,1566011,3615677,4222019
1998-01,313975,1574257,3638426,4244379
1998-02,315348,1586035,3656642,4255439
1998-03,315459,1606018,3666674,4267921
1998-04,315678,1619997,3695000,4298513
1998-05,315974,1633711,3718207,4316033
1998-06,315666,1657166,3742800,4340943
1998-07,315441,1652445,3735036,4362649
1998-08,315780,1659698,3747240,4368163
1998-09,314282,1668328,3756213,4371401
1998-10,314232,1683846,3776275,4410036
1998-11,314815,1702749,3805327,4417203
1998-12,315007,1726398,3848054,4422982
1999-01,316882,1807005,3930982,4447197
1999-02,317262,1785973,3905442,4436979
1999-03,319657,1806407,3930847,4453500
1999-04,321018,1823152,3952443,4488386
1999-05,322437,1836913,3968746,4505279
1999-06,324781,1858495,3988595,4537054
1999-07,326908,1882493,4023726,4565970
1999-08,329004,1879218,4024225,4572050
1999-09,329374,1886642,4029253,4594744
1999-10,330906,1900478,4052935,4616547
1999-11,332895,1912382,4066747,4646110
1999-12,341192,1925201,4078868,4667221
2000-01,338252,1986266,4121606,4713205
2000-02,338177,1987628,4136412,4735956
2000-03,338104,2003675,4149339,4766006
2000-04,338077,2022293,4174322,4802801
2000-05,339633,2005841,4168507,4795425
2000-06,339702,2001262,4171277,4788838
2000-07,338861,2011982,4183450,4803137
2000-08,338998,2022187,4209465,4828781
2000-09,340027,2015210,4212330,4830524
2000-10,340479,2022687,4225858,4847849
2000-11,338400,2019092,4226830,4851550
2000-12,338222,2025182,4226952,4859203
2001-01,341715,2094231,4340387,5024537
2001-02,341389,2104954,4363192,5049678
2001-03,338758,2106179,4382791,5079966
2001-04,337223,2124789,4412550,5111811
2001-05,332581,2142955,4429759,5142003
2001-06,330236,2158667,4467986,5192173
2001-07,324137,2157872,4481145,5214090
2001-08,318925,2173000,4501923,5249306
2001-09,309476,2190698,4533918,5296229
2001-10,298029,2202764,4553696,5334043
2001-11,280120,2220198,4588671,5371237
2001-12,233960,2221922,4615510,5402883
2002-01,249531,2247196,4645232,5424797
2002-02,243840,2248416,4650397,5431456
2002-03,253514,2238965,4662027,5453968
2002-04,263216,2273547,4697507,5482865
2002-05,273249,2293570,4719009,5523451
2002-06,283005,2304238,4735880,5539079
2002-07,293161,2323079,4761547,5568190
2002-08,300475,2340395,4785365,5606774
2002-09,307939,2369110,4821013,5660669
2002-10,315180,2380902,4847022,5680917
2002-11,321594,2417288,4890882,5733178
2002-12,334339,2442884,4915147,5767431
2003-01,315310,2454715,4922129,5809186
2003-02,323396,2481185,4968610,5857436
2003-03,330370,2499997,5000011,5880069
2003-04,337685,2531994,5048210,5957074
2003-05,343303,2549757,5088934,5983094
2003-06,348939,2558373,5096544,5990357
2003-07,355944,2576935,5123636,6028830
2003-08,362472,2607442,5160933,6054734
2003-09,366636,2623849,5167505,6057142
2003-10,372598,2655345,5200531,6110399
2003-11,380184,2663643,5217471,6134302
2003-12,389637,2681722,5238327,6148767
2004-01,392689,2704804,5259980,6165335
2004-02,398055,2722810,5281581,6201786
2004-03,404025,2760683,5316424,6232560
2004-04,409713,2776949,5341144,6260857
2004-05,416557,2774765,5355734,6265034
2004-06,421578,2796512,5385279,6315025
2004-07,429126,2820299,5421035,6354328
2004-08,434388,2834917,5438154,6375262
2004-09,439851,2868123,5484081,6417367
2004-10,445854,2888055,5518152,6461295
2004-11,451289,2913177,5542737,6484681
2004-12,457793,2905953,5573540,6540370
2005-01,464278,2963795,5623288,6573488
2005-02,469064,2990384,5653315,6608114
2005-03,475726,3006328,5679341,6628904
2005-04,481174,3024122,5721454,6682171
2005-05,486778,3054725,5762299,6731012
2005-06,493953,3256960,5824959,6807158
2005-07,498261,3302577,5885266,6876098
2005-08,502105,3323473,5914509,6910851
2005-09,508701,3343523,5980748,6972348
2005-10,512486,3370621,6001860,6991045
2005-11,517649,3390768,6027064,7026011
2005-12,520831,3422279,6093186,7087688
2006-01,526589,3445371,6124570,7120559
2006-02,531602,3470031,6175649,7170882
2006-03,535629,3489442,6222149,7221902
2006-04,539910,3523343,6295495,7303181
2006-05,545009,3553540,6317503,7347101
2006-06,550449,3560905,6363553,7384631
2006-07,554690,3554322,6369246,7403368
2006-08,559285,3565013,6406721,7475572
2006-09,564879,3590868,6486139,7573385
2006-10,570402,3589937,6500180,7598494
2006-11,574070,3617914,6556170,7652322
2006-12,579206,3696019,6663329,7753569
2007-01,582166,3696560,6705357,7838901
2007-02,586058,3718712,6739280,7889608
2007-03,592039,3746750,6825507,8008864
2007-04,594895,3744814,6850746,8032194
2007-05,598220,3773413,6917829,8131881
2007-06,601388,3794192,6987296,8206302
2007-07,606047,3821040,7057569,8290084
2007-08,610192,3810958,7100108,8344331
2007-09,612128,3831681,7161755,8418602
2007-10,617367,3829110,7267682,8541400
2007-11,620797,3854352,7323179,8631497
2007-12,625818,3839555,7356073,8647959
2008-01,628747,3852397,7440745,8793038
2008-02,634717,3845184,7505318,8843329
2008-03,637093,3859561,7536659,8867136
2008-04,643088,3840284,7616022,8940964
2008-05,645540,3857591,7674618,9020742
2008-06,648817,3857729,7700435,9044137
2008-07,651200,3828594,7750811,9107460
2008-08,654945,3822371,7787840,9143592
2008-09,660529,3884458,7865188,9224888
2008-10,700957,3977681,8010727,9369285
2008-11,705333,3967905,8035211,9387004
2008-12,710943,3992578,8041762,9402372
2009-01,717157,4091136,8089401,9402776
2009-02,721740,4132097,8112143,9436867
2009-03,726363,4147215,8093515,9403303
2009-04,730086,4190537,8145669,9451115
2009-05,731494,4207878,8140833,9421585
2009-06,732580,4258226,8155197,9428787
2009-07,736606,4314634,8184207,9433131
2009-08,740145,4346194,8176976,9387590
2009-09,744300,4400713,8189516,9414236
2009-10,747082,4448680,8195862,9383509
2009-11,752075,4467737,8181093,9354834
2009-12,757006,4499550,8207839,9349315
2010-01,761587,4545385,8220765,9324051
2010-02,765485,4568331,8228832,9323604
2010-03,769916,4580958,8230444,9332304
2010-04,773213,4632696,8264563,9377955
2010-05,779296,4649309,8283333,9388633
2010-06,783363,4674690,8314433,9240895
2010-07,784955,4680518,8331067,9234411
2010-08,788014,4693166,8367919,9264711
2010-09,788812,4676240,8367910,9272702
2010-10,790351,4678750,8387527,9268660
2010-11,793412,4687979,8404159,9287184
2010-12,795300,4710694,8423299,9298808
2011-01,801182,4715716,8436054,9318798
2011-02,803074,4718429,8444617,9327053
2011-03,805292,4727336,8458122,9345311
2011-04,806960,4712016,8456009,9350480
2011-05,811421,4710610,8480338,9369117
2011-06,815863,4728150,8495988,9386874
2011-07,819886,4730745,8509521,9390737
2011-08,822674,4764855,8558299,9461608
2011-09,832312,4774497,8593759,9494473
2011-10,839211,4779936,8572193,9454437
2011-11,844176,4790210,8588089,9471859
2011-12,844784,4803786,8607320,9498551
2012-01,848703,4821347,8644031,9508245
2012-02,851155,4824871,8679871,9535017
2012-03,851832,4856040,8723292,9610720
2012-04,849326,4831364,8704188,9575598
2012-05,857067,4881060,8746773,9627462
2012-06,863508,4909295,8779098,9658453
2012-07,863768,4971911,8829323,9705253
2012-08,867681,5004569,8846566,9697121
2012-09,867475,5025079,8875881,9713753
2012-10,867291,5072266,8948155,9774469
2012-11,865555,5096612,8975122,9777752
2012-12,864527,5102595,8998474,9785187
2013-01,862349,5105555,9014275,9767605
2013-02,863357,5144982,9049240,9784933
2013-03,867128,5173010,9079682,9803199
2013-04,877457,5215171,9108326,9822063
2013-05,880211,5241782,9129445,9837477
2013-06,881983,5240787,9126627,9818212
2013-07,885851,5272637,9147571,9832329
2013-08,891256,5314438,9183775,9874715
2013-09,894368,5345103,9198843,9868977
2013-10,900138,5380840,9219721,9877942
2013-11,904922,5402217,9235023,9885297
2013-12,910102,5386119,9212026,9832650
2014-01,913279,5416893,9239268,9874481
2014-02,917307,5451336,9267544,9896754
2014-03,923017,5475017,9284719,9891849
2014-04,925189,5479764,9287884,9879815
2014-05,929595,5516258,9337820,9941588
2014-06,931482,5548049,9362807,9973532
2014-07,936752,5580718,9390708,10007330
2014-08,943434,5626751,9433034,10049824
2014-09,948200,5683788,9482753,10098645
2014-10,952381,5723293,9500212,10125070
2014-11,958592,5788176,9559214,10184921
2014-12,970330,5941966,9676028,10326597
2015-01,984094,6037612,9745960,10405448
2015-02,990165,6091007,9761926,10438257
2015-03,990175,6151855,9815782,10475465
2015-04,1002366,6206168,9865617,10545103
2015-05,1007481,6271825,9909778,10561797
2015-06,1014354,6325590,9947884,10582758
2015-07,1022477,6392616,10012113,10656208
2015-08,1025335,6424845,10030998,10662405
2015-09,1028290,6459866,10060424,10694197
2015-10,1030564,6527378,10124558,10780760
2015-11,1036337,6583484,10182417,10836416
2015-12,1037865,6612393,10217313,10842557
2016-01,1042710,6670355,10268839,10909372
2016-02,1045384,6733011,10320213,10976218
2016-03,1049804,6757516,10342705,10986982
2016-04,1049111,6804786,10383940,11039392
2016-05,1051446,6849266,10423954,11084382
2016-06,1054699,6871798,10452292,11119739
2016-07,1058956,6928484,10502607,11178145
2016-08,1061934,6970524,10528589,11199036
2016-09,1066535,7005097,10569166,11240372
2016-10,1071322,7059544,10591645,11263126
2016-11,1074867,7137436,10662425,11337510
2016-12,1076527,7158597,10710530,11382913
2017-01,1081480,7208244,10759056,11439966
2017-02,1086011,7263871,10814115,11491550
2017-03,1090024,7344648,10881654,11581144
2017-04,1091842,7394158,10912228,11578021
2017-05,1092862,7423638,10928508,11607575
2017-06,1095818,7488142,10988182,11652740
2017-07,1096490,7522548,11008582,11668038
2017-08,1099793,7579897,11066852,11736671
2017-09,1103898,7621867,11095402,11773187
2017-10,1108594,7666219,11139576,11804155
2017-11,1109839,7713565,11176686,11849209
2017-12,1113162,7749170,11208278,11858924
2018-01,1114579,7815806,11268435,11911325
2018-02,1116719,7837444,11278453,11920032
2018-03,1121753,7859880,11291026,11947263
2018-04,1122898,7917725,11338734,11997443
2018-05,1127497,7995385,11422841,12070821
2018-06,1133188,8040137,11493849,12149385
2018-07,1137454,8059460,11495564,12133882
2018-08,1144676,8090034,11513479,12159092
2018-09,1149204,8148628,11561802,12193756
2018-10,1154908,8197936,11622419,12261279
2018-11,1160186,8245877,11665857,12301413
2018-12,1166168,8289433,11709917,12366854
2019-01,1168455,8323768,11749372,12401877
2019-02,1173770,8375839,11810026,12455465
2019-03,1175814,8459410,11892106,12535380
2019-04,1181033,8514452,11966995,12606448
2019-05,1184538,8573349,12031672,12675932
2019-06,1186180,8615239,12072408,12714933
2019-07,1193257,8684905,12138309,12783995
2019-08,1197836,8769922,12240547,12889241
2019-09,1204613,8821677,12280081,12922101
2019-10,1210686,8893408,12339342,12976186
2019-11,1217922,8932915,12376134,13005269
2019-12,1223979,8948122,12374612,12978873
2020-01,1230372,8993517,12414758,13053446
2020-02,1237282,9057617,12485614,13139917
2020-03,1258211,9358681,12791700,13487080
2020-04,1274874,9529276,12976712,13643802
2020-05,1291522,9639496,13131206,13800035
2020-06,1301594,9737299,13221345,13908789
2020-07,1311959,9799538,13290586,13991504
2020-08,1322210,9872841,13349883,14036505
2020-09,1331480,9945373,13448807,14153097
2020-10,1340687,10052671,13542286,14252609
2020-11,1353289,10164714,13637152,14349923
2020-12,1363587,10270102,13739962,14474148
2021-01,1378654,10373589,13826659,14581177
2021-02,1388707,10464719,13914526,14661741
2021-03,1397052,10561082,14017030,14758346
2021-04,1400442,10620813,14065961,14811976
2021-05,1410073,10701124,14155693,14908470
2021-06,1418611,10800639,14233356,14988989
2021-07,1427390,10900931,14334088,15108437
2021-08,1435556,11006609,14425369,15200168
2021-09,1445049,11090741,14496442,15257471
2021-10,1452826,11146351,14567394,15362016
2021-11,1461354,11190957,14613598,15415034
2021-12,1469184,11291612,14704178,15491108
2022-01,1483739,11386619,14827973,15600173
2022-02,1495475,11473925,14911495,15662745
2022-03,1514391,11529531,14972711,15725823
2022-04,1520592,11557454,15026571,15799313
2022-05,1526104,11603914,15073392,15850610
2022-06,1529191,11645068,15144213,15933450
2022-07,1532570,11694915,15243279,15994541
2022-08,1536716,11785906,15382038,16144166
2022-09,1538544,11697786,15425262,16198828
2022-10,1540428,11566717,15372392,16146148
2022-11,1540193,11440840,15313425,16131928
2022-12,1537879,11296033,15229110,16050319
2023-01,1540187,11261287,15265375,16073998
2023-02,1538919,11138160,15221069,16063035
2023-03,1538255,11000962,15170877,16032723
2023-04,1536833,10889041,15122833,15982626
2023-05,1538221,10807916,15105756,16000621
2023-06,1537078,10706043,15087868,15981758
2023-07,1535772,10633051,15067816,15964723
2023-08,1535212,10558438,15045220,15956557
2023-09,1535553,10519242,15067828,15991602
2023-10,1535147,10415864,15037533,15983253
2023-11,1533591,10365477,15039438,15998330
2023-12,1533950,10345578,15103105,16099691
2024-01,1532168,10275867,15079850,16093073
2024-02,1531959,10256861,15105037,16115213
2024-03,1531829,10238739,15112182,16168055
2024-04,1531823,10246986,15143738,16211159
2024-05,1531898,10248018,15178913,16240524
2024-06,1534431,10313636,15286910,16364787
2024-07,1537572,10291747,15262244,16371192
2024-08,1540250,10353305,15333734,16469939
2024-09,1542403,10408480,15407061,16546403
2024-10,1546005,10449786,15429857,16581667
2024-11,1550474,10538782,15533065,16684867
2024-12,1554506,10590975,15591606,16764295
2025-01,1555898,10590040,15577354,16763523
2025-02,1558943,10646945,15621953,16825363
2025-03,1558232,10673107,15648761,16829090
2025-04,1560195,10737319,15689953,16884391
2025-05,1561296,10772442,15724159,16916565
2025-06,1563932,10809812,15725981,16930183
2025-07,1566967,10819575,15743385,16929033
2025-08,1570535,10848435,15762736,16934233
2025-09,1574926,10902998,15795550,16989091
2025-10,1579193,11004165,15910569,17082844
2025-11,1585487,11029094,15994672,17170444
2025-12,1587538,11090500,16075207,17200189
2026-01,1597013,11196595,16176904,17305294
2026-02,1598009,11213327,16223483,17333431
2026-03,1602097,11278107,16274779,17439201
2026-04,1602921,11278885,16303998,17449416
2026-05,1606429,11296517,16349833,17523312
2026-06,1609296,11324679,16416939,17611985
2026-07,1612749,11291831,16434747,17615092
2026-08,1616848,11293328,16447405,17646463
