min_m;max_m;km2
0;100;3178.56
100;200;3560.69
200;300;3804.15
300;400;3100.88
400;500;2908.14
500;600;2718.30
600;700;2479.17
700;800;1812.06
800;900;1206.20
900;1000;937.63
1000;1100;832.76
1100;1200;731.05
1200;1300;627.11
1300;1400;523.28
1400;1500;481.89
1500;1600;433.09
1600;1700;395.98
1700;1800;359.39
1800;1900;324.88
1900;2000;295.38
2000;2100;264.15
2100;2200;243.86
2200;2300;230.48
2300;2400;204.13
2400;2500;169.88
2500;2600;117.86
2600;2700;69.13
2700;2800;32.27
2800;2900;8.23
2900;3000;1.06
3000;3100;0.05
3100;3200;0.00
3200;3300;0.00
