codi;comarca;altitud_m;superficie_km2;poblacio
250019;Pallars Jussà;956;78.27;162
080018;Baix Llobregat;105;19.94;13207
250024;Noguera;642;160.57;635
250030;Urgell;337;79.65;5638
080023;Bages;480;43.32;293
170010;Alt Empordà;166;27.73;881
080142;Vallès Oriental;404;7.90;2569
430017;Alt Camp;314;72.95;1002
170025;Gironès;169;13.91;805
250387;Segrià;110;66.90;2575
250045;Segrià;212;20.53;837
250058;Alt Urgell;768;57.67;320
250061;Garrigues;372;25.70;339
170031;Alt Empordà;239;94.39;158
250077;Segrià;147;10.46;2312
250083;Noguera;237;37.61;1582
250096;Garrigues;526;32.54;764
430022;Baix Penedès;198;19.37;2718
430038;Baix Camp;823;20.34;556
170046;Baix Empordà;25;11.13;852
430043;Montsià;72;47.07;10048
250100;Segrià;214;21.03;247
250117;Segrià;137;114.29;10556
250122;Segrià;213;16.70;3679
430056;Alt Camp;243;46.00;5357
439044;Baix Ebre;9;35.21;4725
430069;Baix Ebre;14;20.20;910
430075;Baix Camp;262;26.10;1026
080039;Maresme;90;9.58;10251
430081;Baix Ebre;334;63.87;355
250138;Segrià;281;11.40;2790
250143;Segrià;236;31.94;284
430094;Baix Camp;374;38.24;2031
250156;Noguera;345;54.32;424
250169;Segrià;304;50.11;3057
250175;Pallars Sobirà;1048;183.19;270
430108;Alt Camp;263;7.25;499
250194;Segrià;247;49.03;7197
250208;Segrià;462;56.83;292
250215;Segrià;329;66.59;3357
430115;Baix Camp;290;5.96;1383
250220;Noguera;297;69.08;117
170062;Cerdanya;1158;44.29;1724
080044;Lluçanès;855;13.80;267
250236;Segrià;264;15.33;6556
250241;Pallars Sobirà;1076;217.76;456
430120;Tarragonès;52;6.95;5856
170078;Selva;186;40.08;2419
430136;Baix Ebre;19;66.86;7436
080057;Vallès Oriental;281;14.24;9473
439060;Baix Ebre;8;35.65;3809
430141;Montsià;8;138.31;23047
170084;Selva;181;16.31;5904
250273;Urgell;335;23.53;1395
250292;Garrigues;332;58.34;2166
430167;Baix Penedès;166;14.13;5701
430154;Baix Camp;714;20.78;138
170097;Selva;291;86.22;6635
080060;Maresme;10;6.75;16982
080076;Maresme;121;21.29;9527
170101;Garrotxa;183;12.54;467
080082;Anoia;716;47.09;245
430173;Baix Camp;344;10.12;139
080095;Maresme;88;25.40;12891
170118;Alt Empordà;7;5.60;1076
430189;Terra Alta;506;42.97;460
250313;Aran;1224;11.57;58
250328;Alt Urgell;950;10.59;85
080109;Bages;316;17.87;6211
250334;Segrià;202;23.94;1545
250349;Noguera;318;175.90;3594
430192;Ribera d'Ebre;70;73.63;1594
250365;Segrià;256;10.21;232
250371;Noguera;567;102.96;434
080116;Berguedà;677;27.23;2263
080121;Bages;353;63.23;2325
170123;Alt Empordà;70;12.30;1669
080137;Alt Penedès;280;29.13;1787
080155;Barcelonès;6;21.18;230642
089045;Vallès Occidental;120;0.93;13058
080168;Berguedà;785;43.13;2167
250390;Pallars Sobirà;591;129.41;350
250404;Noguera;233;57.32;17667
080174;Osona;587;17.35;4007
080180;Bages;327;36.91;3354
430206;Baix Penedès;173;12.19;3392
170157;Pla de l'Estany;172;11.05;20887
250411;Pla d'Urgell;283;7.56;910
430213;Conca de Barberà;475;26.60;486
082520;Vallès Occidental;146;8.31;34031
080193;Barcelonès;9;101.35;1713247
250426;Noguera;388;145.08;216
170160;Alt Empordà;66;17.50;1048
250447;Alt Urgell;423;70.25;215
430228;Terra Alta;376;128.41;1873
250450;Aran;931;17.72;62
080207;Baix Llobregat;399;50.44;7545
170139;Baix Empordà;200;20.66;4286
250463;Urgell;373;15.69;512
251706;Garrigues;640;17.14;287
170182;Baix Empordà;35;12.64;722
250479;Noguera;267;31.38;1272
250485;Pla d'Urgell;196;34.92;2359
250498;Noguera;379;5.11;174
430234;Priorat;261;8.86;288
080214;Anoia;653;30.97;69
250501;Urgell;308;34.98;5531
430249;Baix Penedès;108;8.27;2464
250518;Cerdanya;1061;98.15;2289
250523;Pla d'Urgell;207;46.70;2239
250539;Segrià;234;7.43;1565
430252;Baix Ebre;19;62.42;708
430265;Ribera d'Ebre;26;23.06;1191
080229;Berguedà;704;22.57;17539
170195;Garrotxa;151;4.93;2591
170209;Gironès;102;35.92;5087
170216;Garrotxa;338;35.91;202
080235;Vallès Oriental;307;28.64;10124
250557;Solsonès;455;66.21;185
170221;Baix Empordà;39;20.62;11731
430271;Priorat;372;14.14;214
430287;Baix Penedès;189;32.54;4270
172348;Alt Empordà;81;10.02;227
430290;Conca de Barberà;428;14.48;392
170237;Selva;13;17.66;42446
170293;Alt Empordà;82;10.78;264
170242;Cerdanya;1145;10.34;493
430304;Baix Penedès;177;24.97;778
250576;Aran;852;21.44;281
170255;Gironès;42;7.32;1824
250582;Garrigues;304;61.55;6458
430311;Baix Camp;238;8.24;2313
170268;Alt Empordà;73;9.45;802
080240;Berguedà;854;43.45;434
250595;Aran;710;28.17;1178
430326;Terra Alta;286;34.94;545
430332;Baix Camp;196;11.95;1156
250560;Garrigues;297;31.12;252
430347;Alt Camp;236;6.42;705
170274;Selva;169;5.02;3964
080253;Anoia;489;47.20;2294
080266;Osona;843;41.03;297
170280;Selva;247;36.82;399
430350;Priorat;358;31.27;295
250609;Noguera;421;14.16;70
170314;Alt Empordà;194;55.58;286
170307;Alt Empordà;26;15.02;998
080272;Alt Penedès;252;1.15;1064
250616;Alt Urgell;768;80.33;87
430363;Alt Camp;493;26.95;1387
080288;Anoia;299;17.00;1777
080291;Maresme;104;8.98;5053
080305;Maresme;147;7.05;7755
170329;Alt Empordà;23;26.43;2906
080312;Anoia;680;9.22;3627
430379;Baix Penedès;67;20.38;32429
080348;Moianès;552;33.09;1121
080327;Maresme;33;0.88;3348
170335;Selva;84;57.33;8644
080333;Vallès Oriental;203;37.45;18554
080351;Maresme;5;8.00;20775
080370;Osona;489;5.80;2724
080386;Bages;260;12.50;2193
080364;Anoia;688;37.15;179
170340;Baix Empordà;22;33.57;12268
250621;Noguera;321;157.13;800
439039;Baix Ebre;13;25.16;3499
430385;Baix Camp;24;35.21;37068
170353;Pla de l'Estany;168;15.66;700
170366;Ripollès;738;32.62;3240
170372;Ripollès;1303;18.64;163
080399;Vallès Oriental;321;7.29;588
170388;Gironès;113;8.59;534
170391;Ripollès;947;103.38;2560
250637;Aran;906;48.32;96
170405;Gironès;217;44.41;742
080403;Maresme;15;5.56;15191
439076;Tarragonès;50;7.32;5993
080410;Vallès Oriental;175;6.66;17445
080425;Vallès Oriental;346;29.19;3393
170412;Alt Empordà;200;19.62;367
080431;Garraf;142;14.23;5494
430398;Baix Camp;751;13.35;101
430402;Priorat;223;22.49;446
080446;Anoia;317;2.94;5598
170427;Alt Empordà;107;26.40;677
080459;Berguedà;1279;34.13;93
080462;Vallès Oriental;193;12.10;19050
080478;Bages;507;66.70;4540
080484;Anoia;351;11.68;860
430419;Terra Alta;324;42.90;250
170448;Gironès;137;45.21;11167
080497;Berguedà;611;29.46;1665
170486;Baix Empordà;5;21.74;12889
080575;Berguedà;954;24.35;68
259046;Pallars Jussà;532;62.42;159
250642;Solsonès;657;60.19;131
080522;Berguedà;1395;47.12;166
080500;Berguedà;920;32.74;151
080517;Vallès Occidental;331;44.91;25395
080538;Bages;178;28.47;4163
080543;Vallès Occidental;132;31.03;13058
080556;Moianès;773;34.18;802
250674;Garrigues;353;65.10;955
080569;Baix Llobregat;3;12.87;69689
080581;Alt Penedès;137;47.48;2773
170464;Garrotxa;296;0.73;960
080608;Anoia;467;26.21;153
080594;Bages;700;58.90;469
080615;Bages;266;17.21;2411
080620;Bages;469;29.16;1471
250680;Pla d'Urgell;269;16.11;733
170470;Alt Empordà;17;42.30;12275
250693;Noguera;358;52.62;548
080636;Anoia;415;25.28;670
250707;Urgell;267;15.84;987
080641;Moianès;726;31.90;2742
430424;Baix Camp;219;5.21;3001
080654;Alt Penedès;198;28.40;1718
080667;Baix Llobregat;178;16.38;2166
430430;Tarragonès;59;26.43;5387
250714;Alt Urgell;1335;42.19;38
171899;Selva;166;14.63;2033
170499;Gironès;71;19.53;5613
080673;Osona;496;15.18;7860
082687;Berguedà;650;47.35;1236
082665;Vallès Occidental;82;30.56;58264
080689;Baix Llobregat;122;24.10;9726
250729;Segarra;548;55.19;9630
250735;Garrigues;444;34.20;637
170502;Gironès;45;9.90;1030
170519;Alt Empordà;130;25.55;285
250740;Urgell;519;17.03;186
250753;Solsonès;500;40.78;160
250766;Garrigues;279;17.51;162
170545;Alt Empordà;10;24.35;489
250772;Alt Urgell;573;151.41;585
080692;Baix Llobregat;388;18.07;4820
430458;Baix Camp;431;14.48;157
080706;Moianès;901;15.08;390
170558;Baix Empordà;41;4.35;206
251636;Solsonès;1004;60.62;278
251615;Pallars Jussà;507;166.48;439
430461;Conca de Barberà;705;29.02;113
430477;Tarragonès;81;30.87;7155
080713;Anoia;432;18.66;352
430483;Terra Alta;337;53.09;1024
080728;Baix Llobregat;342;18.41;16044
250788;Segrià;211;21.01;1490
170577;Baix Empordà;43;16.29;1285
080734;Baix Llobregat;27;6.99;92255
170561;Pla de l'Estany;96;27.71;2413
430496;Priorat;533;63.50;1014
430509;Tarragonès;48;10.46;4244
170583;Pla de l'Estany;138;11.38;253
179011;Baix Empordà;110;99.84;1347
080749;Garraf;12;13.49;17648
250791;Noguera;499;39.17;354
430516;Baix Penedès;10;9.74;16304
170600;Alt Empordà;193;34.93;561
170617;Cerdanya;1219;14.58;261
439018;Baix Ebre;6;107.44;12074
080752;Maresme;147;40.73;6307
430537;Baix Camp;268;13.58;219
170622;Alt Empordà;14;16.31;10641
080765;Baix Llobregat;187;27.40;22639
170638;Osona;752;17.43;262
250812;Garrigues;434;21.53;324
430542;Conca de Barberà;411;56.97;3892
080771;Baix Llobregat;110;4.60;48424
170643;Alt Empordà;124;43.55;399
170656;Pla de l'Estany;142;16.06;444
250827;Pallars Sobirà;1318;97.30;377
080787;Berguedà;803;35.46;260
082541;Osona;693;61.80;2303
250886;Alt Urgell;1084;21.16;134
080790;Moianès;870;10.25;391
250851;Segarra;596;20.99;161
250864;Pallars Sobirà;957;8.49;914
250870;Pallars Sobirà;1212;16.55;63
430555;Priorat;364;31.62;2892
170059;Alt Empordà;44;9.00;624
250899;Pallars Sobirà;1294;61.87;120
430568;Terra Alta;487;56.52;841
430574;Baix Camp;754;16.08;35
081347;Vallès Oriental;330;14.99;1187
080804;Berguedà;1154;29.31;41
259084;Alt Urgell;602;101.80;235
430580;Priorat;576;18.69;116
170669;Alt Empordà;39;19.30;49556
430593;Alt Camp;474;22.72;343
170675;Gironès;34;6.53;1174
430607;Ribera d'Ebre;47;116.90;3342
250925;Garrigues;316;5.46;159
080826;Selva;45;32.12;1705
080811;Vallès Oriental;386;39.72;493
170681;Baix Empordà;85;18.80;298
080832;Osona;552;10.47;2262
250931;Pla d'Urgell;243;5.43;828
080847;Bages;525;51.67;1571
170694;Cerdanya;1180;28.65;516
170708;Baix Empordà;29;9.28;170
170715;Pla de l'Estany;207;17.28;1482
080850;Alt Penedès;319;37.42;1436
250946;Noguera;455;28.55;194
179026;Baix Empordà;51;50.63;1786
430614;Conca de Barberà;866;16.03;39
170736;Gironès;102;11.86;2813
170741;Alt Empordà;8;10.76;789
080863;Vallès Oriental;181;29.14;20855
430629;Montsià;126;17.59;445
250962;Urgell;275;11.05;1277
250978;Garrigues;581;16.18;87
080902;Bages;481;39.48;174
430635;Montsià;112;27.47;731
080879;Vallès Occidental;502;16.33;171
430640;Terra Alta;363;71.15;3151
430653;Ribera d'Ebre;73;52.37;555
430666;Alt Camp;132;3.07;211
080885;Vallès Oriental;252;18.80;17386
170754;Alt Empordà;101;19.89;479
170767;Baix Empordà;92;9.40;183
170773;Alt Empordà;56;21.01;989
080898;Baix Llobregat;9;30.75;48181
250984;Pallars Jussà;421;90.90;257
080919;Alt Penedès;196;26.70;8192
170789;Cerdanya;1135;33.38;501
259123;Segrià;258;55.84;1072
430672;Ribera d'Ebre;26;15.84;799
170792;Gironès;70;39.12;108352
080924;Berguedà;469;6.78;5082
080930;Berguedà;1340;36.47;28
430688;Montsià;168;33.62;600
250997;Pla d'Urgell;275;16.62;1914
170806;Ripollès;919;43.26;206
251001;Berguedà;1423;56.29;207
080945;Alt Penedès;272;6.52;2281
251018;Garrigues;528;88.70;751
080958;Moianès;782;23.73;83
251023;Segrià;78;38.51;994
080961;Vallès Oriental;145;14.87;65123
251039;Segarra;508;24.35;154
251057;Garrigues;366;20.47;174
251044;Segarra;636;16.30;149
430691;Priorat;321;13.52;227
080977;Vallès Oriental;177;23.29;1753
170813;Baix Empordà;15;9.02;437
080996;Berguedà;720;61.73;962
430705;Priorat;226;12.14;253
170828;Cerdanya;1385;22.02;559
251095;Urgell;555;25.76;253
259031;Pallars Sobirà;919;108.42;276
251109;Segarra;484;18.10;7715
251116;Solsonès;840;66.44;125
081000;Osona;516;51.57;2738
430712;Terra Alta;542;118.99;1156
081017;Barcelonès;8;12.40;292161
081629;Anoia;361;33.49;3254
170834;Selva;189;3.39;4464
081022;Anoia;313;8.11;42449
251155;Pallars Jussà;659;139.37;1034
170849;Cerdanya;1088;10.81;314
251137;Pla d'Urgell;265;24.32;1598
251121;Noguera;314;27.14;318
251142;Segarra;567;15.36;101
170852;Baix Empordà;44;6.64;384
170865;Alt Empordà;110;56.93;3410
081038;Anoia;380;30.90;849
259101;Alt Urgell;1206;68.16;110
170871;Gironès;94;8.36;320
251180;Garrigues;575;76.49;379
251193;Garrigues;264;47.33;3523
251214;Aran;634;23.45;1052
251229;Pla d'Urgell;248;28.66;2755
081043;Anoia;615;52.23;961
170887;Alt Empordà;197;13.50;823
251235;Pallars Sobirà;1052;146.98;246
251240;Solsonès;834;128.03;186
081056;Vallès Oriental;45;3.03;13254
170890;Gironès;160;76.38;9579
170904;Gironès;143;14.58;732
170911;Ripollès;983;24.73;517
170926;Alt Empordà;4;27.98;5033
251253;Segrià;397;66.04;444
251266;Pallars Sobirà;811;68.51;343
251207;Segrià;155;212.30;147369
170932;Alt Empordà;142;21.28;1268
251272;Cerdanya;1471;102.79;294
081075;Vallès Oriental;145;22.33;16519
081081;Vallès Oriental;125;10.83;6891
251288;Pallars Jussà;790;41.68;130
081069;Vallès Oriental;198;27.63;10931
170947;Cerdanya;1224;12.93;1572
430727;Priorat;219;6.64;100
251291;Solsonès;855;39.23;201
430733;Conca de Barberà;648;23.33;105
430748;Baix Penedès;162;4.61;2426
170950;Selva;5;48.71;41944
170963;Ripollès;895;114.02;197
081094;Lluçanès;745;52.98;280
171024;Alt Empordà;370;67.91;768
171030;Selva;100;45.58;8065
170979;Gironès;177;13.72;277
170985;Garrotxa;241;17.29;498
251333;Segrià;395;57.08;945
251305;Urgell;428;31.36;240
081108;Maresme;4;8.82;19630
081115;Osona;580;11.01;286
081120;Osona;461;17.17;21321
081136;Bages;238;41.64;80692
430764;Priorat;315;16.06;624
430751;Priorat;379;34.66;110
082423;Bages;291;13.53;311
081141;Baix Llobregat;56;12.76;28989
081154;Vallès Oriental;96;3.61;4987
430770;Montsià;348;78.80;535
171002;Alt Empordà;85;12.55;291
430786;Montsià;54;14.61;1145
081167;Osona;468;16.46;758
081173;Osona;533;22.35;3345
430799;Baix Penedès;304;6.55;568
081189;Maresme;27;3.39;24727
430803;Alt Camp;115;3.57;308
430810;Baix Camp;214;3.66;917
081192;Anoia;257;17.06;10111
430825;Priorat;192;15.51;477
251312;Segrià;94;14.14;589
171019;Selva;164;26.07;881
251327;Segarra;502;26.11;226
081206;Vallès Occidental;423;25.36;9808
081213;Maresme;28;22.53;131370
081228;Alt Penedès;430;47.55;2664
251348;Noguera;205;20.25;802
170998;Cerdanya;1539;37.34;111
171058;Garrotxa;286;26.29;368
430831;Alt Camp;166;4.13;194
251351;Pla d'Urgell;287;14.87;1359
430846;Ribera d'Ebre;43;32.33;701
081385;Moianès;717;75.31;6807
430859;Priorat;228;22.81;301
081234;Baix Llobregat;37;15.94;27291
251370;Pla d'Urgell;250;7.08;16016
171061;Alt Empordà;59;6.04;202
081249;Vallès Oriental;65;10.77;52759
171077;Ripollès;1182;43.09;350
251364;Solsonès;667;26.89;101
081287;Moianès;447;21.97;764
081271;Bages;161;11.77;3233
171096;Garrotxa;276;93.70;1014
430862;Conca de Barberà;350;91.07;7568
430884;Baix Camp;132;10.70;3167
081252;Vallès Occidental;36;23.47;37446
081304;Berguedà;728;21.89;133
251399;Cerdanya;967;54.95;605
081311;Osona;577;4.94;1133
251403;Alt Urgell;732;176.66;1161
430897;Alt Camp;229;19.15;509
251386;Noguera;286;28.94;643
081265;Maresme;20;2.91;12835
081326;Berguedà;756;76.49;471
081332;Anoia;709;13.62;182
430901;Baix Penedès;429;72.80;1945
081350;Vallès Oriental;72;4.00;8868
251425;Segrià;166;7.34;491
251410;Segarra;689;29.47;182
251431;Segarra;605;12.32;87
081363;Vallès Oriental;116;10.23;17062
430918;Alt Camp;888;34.72;176
171100;Baix Empordà;88;12.31;1690
430923;Baix Camp;120;63.32;14652
081379;Vallès Oriental;528;26.77;387
430939;Ribera d'Ebre;38;45.12;5841
430944;Ribera d'Ebre;31;15.93;3365
430957;Tarragonès;104;5.94;3811
430960;Priorat;743;52.88;154
081290;Osona;807;40.30;700
081398;Bages;454;47.79;234
251459;Urgell;487;9.25;91
250254;Aran;1267;255.75;1893
081402;Bages;269;5.52;6277
081419;Bages;370;80.62;6242
171117;Alt Empordà;145;18.48;1504
251462;Solsonès;610;145.27;297
081424;Berguedà;876;25.01;163
430976;Tarragonès;93;4.32;602
430982;Alt Camp;231;10.61;556
251484;Solsonès;1130;114.38;230
081430;Anoia;421;52.66;3756
171122;Ripollès;951;45.22;222
081458;Alt Penedès;189;30.15;3953
081461;Alt Penedès;265;30.79;2134
081477;Baix Llobregat;124;16.63;25000
251497;Alt Urgell;469;32.37;1869
251500;Noguera;452;86.28;192
251517;Solsonès;742;54.84;989
081483;Garraf;211;38.75;4473
081496;Lluçanès;572;29.37;1204
171143;Garrotxa;443;29.03;39516
251522;Segarra;528;18.95;167
081445;Berguedà;553;35.58;926
251538;Garrigues;385;11.06;187
251543;Urgell;560;13.48;126
171156;Alt Empordà;98;8.55;411
251556;Alt Urgell;558;12.53;851
081509;Osona;576;27.17;352
081516;Lluçanès;468;68.49;556
081521;Anoia;375;15.23;176
081537;Maresme;259;5.66;814
251569;Noguera;463;135.96;1094
171169;Selva;340;52.07;429
251575;Urgell;391;26.29;200
081542;Alt Penedès;201;6.27;934
081555;Maresme;16;16.56;10026
171175;Baix Empordà;64;26.88;24556
171181;Baix Empordà;12;13.98;18921
251581;Pla d'Urgell;250;12.27;2225
171194;Alt Empordà;86;8.44;124
171215;Baix Empordà;20;12.39;320
171208;Alt Empordà;78;16.45;1524
081568;Vallès Occidental;130;14.93;15584
431009;Tarragonès;120;5.13;5043
081574;Baix Llobregat;41;8.30;11976
430995;Ribera d'Ebre;335;37.92;331
089058;Baix Llobregat;100;5.46;3059
171236;Pla de l'Estany;152;17.98;463
171241;Baix Empordà;55;25.83;2552
081580;Baix Llobregat;135;8.95;4404
171254;Ripollès;1226;31.05;168
081593;Vallès Oriental;98;9.12;18899
171267;Baix Empordà;40;6.18;435
431016;Conca de Barberà;714;27.35;149
171289;Alt Empordà;33;10.70;558
431021;Baix Ebre;378;43.83;554
171292;Alt Empordà;22;8.65;208
251641;Noguera;276;25.51;431
171306;Baix Empordà;93;11.54;449
081607;Lluçanès;754;19.59;433
431037;Tarragonès;125;9.54;1353
171328;Alt Empordà;32;43.61;2087
251654;Alt Urgell;566;56.17;339
431042;Baix Ebre;142;100.67;3005
081614;Anoia;324;57.20;17884
431055;Conca de Barberà;676;22.39;228
081635;Maresme;10;10.74;30071
431068;Terra Alta;189;56.99;948
251667;Solsonès;800;91.11;198
251673;Solsonès;823;104.32;274
431074;Conca de Barberà;385;8.01;512
431080;Alt Camp;381;34.99;2412
081640;Alt Penedès;216;9.56;1392
171334;Garrotxa;370;37.50;1747
171349;Ripollès;1136;18.75;313
259118;Segarra;412;55.89;512
251689;Pla d'Urgell;216;8.88;648
251692;Garrigues;663;61.92;208
081653;Anoia;265;18.54;2350
081666;Berguedà;843;51.45;1106
431093;Tarragonès;98;6.21;4187
431107;Terra Alta;357;43.40;344
431114;Tarragonès;56;12.29;3470
251713;Pallars Jussà;524;32.83;3179
431129;Priorat;343;13.95;345
081672;Vallès Occidental;123;8.79;8572
431135;Alt Camp;349;21.67;507
250306;Alt Urgell;861;42.62;167
171352;Alt Empordà;43;8.66;586
251734;Alta Ribagorça;838;148.14;2425
081825;Bages;202;27.41;4201
431418;Conca de Barberà;551;67.56;123
081688;Alt Penedès;584;25.94;515
171365;Alt Empordà;94;13.66;295
251728;Noguera;363;30.52;2639
171371;Pla de l'Estany;148;33.52;4804
431140;Priorat;316;28.83;407
171404;Alt Empordà;12;41.62;1055
171387;Alt Empordà;28;9.22;1132
251749;Segrià;259;12.31;730
431153;Priorat;463;21.83;182
431166;Baix Camp;950;32.58;644
431172;Terra Alta;363;26.43;180
081691;Baix Llobregat;8;31.41;66251
431188;Baix Camp;245;36.27;784
081712;Lluçanès;707;13.78;2759
081705;Anoia;608;26.06;553
251752;Cerdanya;1124;6.57;252
251765;Urgell;328;21.52;400
251771;Noguera;315;28.67;399
082303;Maresme;142;6.57;10601
081727;Maresme;8;2.11;29348
171390;Garrotxa;474;9.39;1946
251790;Cerdanya;1096;21.21;270
171411;Cerdanya;1202;18.92;10053
081748;Alt Penedès;239;0.40;621
251804;Garrigues;334;9.90;270
431191;Alt Camp;252;9.48;1225
081751;Berguedà;455;45.75;4558
251811;Urgell;366;17.00;239
251826;Segrià;219;12.51;1416
081764;Anoia;770;31.43;205
081770;Berguedà;885;38.25;44
171426;Gironès;91;38.09;4161
170433;Ripollès;1236;93.47;202
431205;Alt Camp;565;72.26;614
171432;Alt Empordà;106;45.10;236
081786;Bages;361;45.53;598
431362;Montsià;11;53.72;16230
431212;Ribera d'Ebre;174;51.31;788
171447;Baix Empordà;78;6.27;274
081799;Vallès Occidental;322;17.79;928
431227;Tarragonès;175;8.22;165
431233;Baix Camp;117;52.82;111911
251832;Pallars Sobirà;725;63.30;651
431248;Alt Camp;263;7.99;574
431251;Ribera d'Ebre;76;99.14;1127
259059;Segarra;570;54.47;436
251850;Alt Urgell;702;106.96;982
171450;Ripollès;912;41.87;1839
171463;Selva;96;26.98;4627
431264;Tarragonès;28;8.76;1831
251863;Solsonès;830;47.10;270
171479;Ripollès;691;73.71;10812
081803;Vallès Occidental;79;4.33;39773
259139;Cerdanya;1173;12.34;96
171485;Selva;84;47.60;2524
171498;Garrotxa;572;23.60;526
431270;Baix Camp;195;17.10;1379
431286;Baix Camp;299;19.46;1280
171501;Selva;98;13.13;2121
431299;Baix Camp;125;32.43;6927
171518;Alt Empordà;7;6.54;258
081810;Vallès Oriental;123;36.90;11021
431303;Conca de Barberà;566;8.47;246
431310;Tarragonès;57;16.50;8240
081831;Osona;443;2.23;6948
431325;Alt Camp;312;8.49;518
431331;Baix Ebre;14;136.92;8606
171523;Alt Empordà;5;45.91;20175
251898;Segrià;252;9.92;3398
431346;Alt Camp;114;2.32;385
081846;Vallès Occidental;123;32.30;82825
081859;Anoia;629;48.00;228
171539;Baix Empordà;66;5.29;323
089019;Osona;822;47.81;277
081878;Vallès Occidental;190;37.79;224589
081884;Berguedà;738;44.60;153
251902;Pallars Jussà;573;20.27;368
081901;Berguedà;1215;66.40;301
171544;Garrotxa;260;35.82;164
081918;Bages;278;65.22;7043
431359;Tarragonès;165;12.21;525
439057;Tarragonès;2;15.13;31018
171557;Gironès;83;6.64;34603
251919;Segarra;409;32.99;388
081944;Barcelonès;14;3.82;38980
081957;Osona;816;13.26;106
081960;Baix Llobregat;42;5.50;27069
081976;Maresme;114;11.83;11910
171576;Gironès;132;5.96;163
171833;Garrotxa;289;47.73;381
081982;Vallès Oriental;258;13.70;6722
081995;Osona;868;34.40;931
082009;Baix Llobregat;30;21.47;85317
082016;Osona;813;19.48;600
082037;Maresme;71;15.80;3855
082021;Vallès Oriental;152;65.23;18916
082042;Baix Llobregat;87;10.81;4187
171582;Alt Empordà;86;24.37;691
082055;Vallès Occidental;124;48.23;97959
082068;Alt Penedès;266;6.24;1037
251961;Pallars Jussà;875;92.87;118
082074;Vallès Oriental;231;10.64;3099
082080;Baix Llobregat;183;18.56;8112
171595;Selva;402;61.94;883
082107;Vallès Oriental;480;15.00;6821
171609;Baix Empordà;4;16.23;23060
082114;Baix Llobregat;25;11.82;46688
171616;Garrotxa;473;34.86;1658
082129;Bages;617;22.36;634
171621;Garrotxa;146;42.24;248
082093;Vallès Oriental;112;13.15;9400
082135;Bages;247;22.29;9324
171637;Gironès;112;49.17;4187
251924;Segarra;738;25.10;1233
251977;Segarra;556;12.45;192
171642;Selva;803;83.28;6071
082153;Osona;536;0.92;3649
081939;Maresme;129;17.77;1482
439023;Montsià;7;60.79;3759
082166;Berguedà;1072;21.26;25
171655;Garrotxa;203;6.75;861
431378;Baix Penedès;213;24.45;2819
171674;Ripollès;773;53.67;3393
171680;Gironès;54;3.15;536
082188;Bages;277;16.43;11109
082172;Baix Llobregat;10;6.17;35811
171851;Garrotxa;342;31.94;3159
171668;Gironès;57;11.72;881
089030;Berguedà;954;11.79;234
171693;Gironès;128;18.80;3702
082205;Osona;600;15.94;3336
179032;Selva;160;9.73;1462
082212;Baix Llobregat;122;7.81;21045
082227;Alt Penedès;196;19.72;2621
171714;Alt Empordà;173;31.84;247
251930;Solsonès;925;4.34;982
082233;Vallès Occidental;466;41.11;2591
082251;Lluçanès;629;14.73;135
082248;Osona;404;25.55;1261
171729;Gironès;256;43.13;727
259025;Urgell;409;34.90;675
082264;Anoia;465;39.21;1269
082270;Alt Penedès;291;35.27;3476
082286;Anoia;646;3.87;353
171735;Gironès;65;17.52;270
082299;Bages;569;102.92;640
171740;Pla de l'Estany;217;33.22;257
171753;Alt Empordà;28;3.51;858
171766;Alt Empordà;51;7.53;167
171772;Ripollès;867;8.74;719
082310;Garraf;44;40.80;32613
082325;Alt Penedès;246;5.38;2512
082331;Osona;621;55.13;2607
082346;Vallès Oriental;305;34.72;5069
171788;Alt Empordà;5;18.45;2285
081897;Anoia;588;22.02;177
082359;Maresme;15;7.53;5778
082362;Alt Penedès;326;13.84;2585
082378;Osona;587;8.12;2163
082384;Vallès Occidental;188;14.07;20175
082397;Moianès;627;26.21;664
251945;Segarra;641;18.53;483
082401;Alt Penedès;162;18.96;12930
082418;Osona;531;30.60;86
080983;Bages;334;37.15;3596
082628;Bages;176;17.13;10167
082649;Maresme;143;8.05;6829
082652;Osona;555;7.04;2118
082634;Baix Llobregat;22;9.12;28760
431384;Montsià;79;28.15;3866
082439;Osona;519;8.63;197
082444;Baix Llobregat;73;7.49;8275
171805;Selva;142;70.64;14218
082457;Barcelonès;56;7.00;123250
431397;Conca de Barberà;674;33.85;2832
171812;Baix Empordà;30;67.55;5972
082460;Osona;538;7.01;2350
082476;Osona;568;13.82;1516
082482;Vallès Oriental;236;14.23;7955
082495;Alt Penedès;240;3.41;367
171827;Alt Empordà;42;1.94;400
082508;Anoia;316;27.59;10601
082515;Alt Penedès;161;17.16;7775
082589;Moianès;542;66.21;1100
082536;Osona;866;24.73;164
082567;Vallès Oriental;181;4.51;867
082554;Berguedà;532;52.08;179
082573;Anoia;543;25.04;144
082592;Vallès Oriental;208;16.94;10060
431401;Baix Penedès;101;9.65;3711
171848;Garrotxa;496;49.01;1578
082606;Vallès Occidental;74;15.83;26101
082613;Maresme;10;12.63;4049
081923;Bages;336;16.50;7739
431423;Conca de Barberà;467;52.39;1647
171864;Gironès;70;4.16;5404
252017;Pallars Jussà;1002;87.51;111
252000;Segrià;201;42.18;383
171870;Alt Empordà;86;11.36;908
431439;Conca de Barberà;825;14.80;49
431444;Tarragonès;169;17.77;1848
171886;Alt Empordà;48;7.19;223
431457;Baix Camp;246;35.31;5751
431460;Conca de Barberà;652;11.70;47
430445;Montsià;369;108.41;5605
252022;Pallars Jussà;729;34.45;161
250352;Noguera;281;29.62;448
082671;Vallès Occidental;207;28.80;9528
171903;Pla de l'Estany;188;17.38;1227
252043;Segrià;103;85.75;1922
171910;Baix Empordà;15;7.91;241
171925;Ripollès;1265;49.12;196
252038;Alt Urgell;691;15.45;13003
082690;Osona;663;30.40;3818
252056;Pla d'Urgell;232;8.12;757
171931;Selva;76;29.91;6924
082704;Garraf;10;43.85;32690
170524;Alt Empordà;33;10.53;188
082711;Lluçanès;881;13.80;89
252069;Garrigues;381;12.23;313
431476;Conca de Barberà;489;21.37;639
252075;Solsonès;664;17.70;9741
082726;Osona;716;31.71;225
252081;Pallars Sobirà;1258;106.39;449
252094;Pallars Sobirà;692;105.05;2287
252108;Segrià;118;30.16;1884
082732;Alt Penedès;243;55.89;3287
252115;Segrià;152;8.69;920
252120;Segrià;211;12.66;310
082747;Bages;326;23.60;6196
171946;Selva;816;50.61;103
082763;Vallès Oriental;354;43.31;329
082779;Bages;552;29.43;209
252154;Pallars Jussà;572;27.95;559
252167;Segarra;791;30.11;281
171959;Baix Empordà;20;16.56;485
082785;Osona;623;26.48;6838
431482;Tarragonès;68;57.89;143260
252173;Urgell;373;88.36;18991
252189;Garrigues;578;13.01;125
252192;Segarra;460;7.61;163
082750;Osona;537;18.78;354
082802;Osona;869;32.49;128
082819;Maresme;128;6.63;6894
252206;Noguera;208;27.54;1345
171962;Alt Empordà;228;20.96;337
082798;Vallès Occidental;277;70.16;232676
082824;Maresme;136;7.95;9362
252213;Pallars Sobirà;991;8.50;139
252228;Noguera;387;15.86;69
431495;Baix Ebre;13;53.54;952
431508;Ribera d'Ebre;309;209.43;1657
082830;Osona;596;16.54;8513
252234;Solsonès;448;93.31;1230
082845;Maresme;34;83.97;19047
082858;Osona;508;13.00;15334
252249;Garrigues;476;13.75;135
252252;Urgell;289;24.17;828
252271;Pallars Jussà;1075;165.27;760
082861;Anoia;363;15.02;4154
431515;Priorat;369;7.11;120
431520;Ribera d'Ebre;164;27.90;642
252265;Segrià;287;27.45;280
431536;Tarragonès;15;8.71;18190
252287;Segrià;214;23.49;4950
259078;Segarra;475;88.91;593
252304;Pla d'Urgell;232;40.52;2285
252311;Noguera;201;10.93;816
082877;Alt Penedès;202;23.65;1575
082883;Alt Penedès;367;36.72;2751
082896;Baix Llobregat;126;13.56;6162
171978;Baix Empordà;44;7.96;181
252326;Segrià;119;50.61;2295
252332;Segrià;197;5.89;419
171984;Alt Empordà;9;16.85;774
171997;Baix Empordà;31;65.93;12507
431541;Priorat;332;13.16;128
172001;Garrotxa;276;11.07;848
431554;Baix Ebre;12;218.51;36258
172018;Ripollès;1444;57.88;198
172023;Selva;5;38.58;6293
252347;Pallars Jussà;468;302.82;6156
172044;Baix Empordà;21;7.29;1256
082900;Vallès Occidental;342;7.31;2170
172057;Baix Empordà;49;11.09;252
431567;Montsià;133;126.88;6814
431573;Priorat;650;38.17;390
172039;Baix Empordà;30;4.35;218
172060;Cerdanya;1263;17.42;201
082917;Vallès Occidental;382;40.70;7710
170144;Alt Empordà;546;4.71;110
172076;Garrotxa;510;90.67;3265
172082;Garrotxa;367;93.62;1342
250432;Alta Ribagorça;1111;219.49;1129
259010;Pallars Sobirà;898;56.20;391
082922;Anoia;289;6.45;1420
252385;Urgell;481;34.14;224
082938;Berguedà;1123;27.99;260
431589;Conca de Barberà;625;13.63;91
252402;Noguera;235;26.97;2008
171707;Ripollès;956;39.20;223
431592;Conca de Barberà;573;10.94;97
082943;Vallès Oriental;222;22.13;3273
082956;Baix Llobregat;177;23.88;16239
172095;Baix Empordà;49;5.45;902
431606;Alt Camp;161;16.68;1997
082969;Vallès Oriental;153;10.65;2782
431613;Alt Camp;215;55.28;25540
259062;Alt Urgell;669;123.81;259
252398;Alt Urgell;740;171.25;848
431628;Baix Camp;281;102.67;7151
259097;Alt Urgell;989;106.08;189
082975;Anoia;564;38.90;170
431634;Baix Penedès;49;36.80;41195
172109;Alt Empordà;28;25.05;922
252424;Urgell;434;35.79;874
172116;Baix Empordà;23;9.70;1160
431649;Tarragonès;191;18.04;502
082981;Osona;484;30.58;50405
172121;Osona;982;34.39;167
172137;Selva;93;48.05;8852
252430;Aran;974;211.74;5857
431652;Alt Camp;254;18.19;731
172142;Alt Empordà;19;2.29;962
172155;Gironès;99;6.17;4079
082994;Berguedà;757;22.34;430
172174;Alt Empordà;13;11.73;499
172168;Gironès;96;15.74;205
083015;Baix Llobregat;18;20.40;67536
083008;Vallès Occidental;274;20.09;7816
172180;Pla de l'Estany;120;61.54;898
172207;Osona;821;50.73;1182
172214;Alt Empordà;54;8.36;5664
083054;Alt Penedès;223;19.65;42561
252445;Urgell;355;19.87;627
172235;Alt Empordà;31;13.13;1180
431750;Terra Alta;450;67.25;613
083067;Vallès Oriental;200;6.05;790
252458;Alta Ribagorça;981;59.23;497
172240;Ripollès;1067;64.20;396
431665;Tarragonès;124;9.04;2494
172253;Alt Empordà;5;5.57;401
172266;Alt Empordà;45;8.77;1202
172272;Alt Empordà;169;5.46;185
252477;Aran;1255;15.44;174
172288;Alt Empordà;98;16.87;405
431671;Baix Camp;226;17.16;615
252483;Pla d'Urgell;290;13.98;1149
252496;Noguera;409;53.68;194
252542;Segrià;195;21.55;1160
252509;Noguera;633;105.24;478
431687;Conca de Barberà;893;21.51;110
083036;Osona;558;58.84;325
252516;Segrià;255;8.51;1088
083020;Anoia;302;10.28;12886
089024;Vallès Oriental;91;15.20;5697
083073;Garraf;22;33.99;71305
431690;Baix Camp;366;23.20;558
431704;Alt Camp;259;33.11;1388
172305;Alt Empordà;16;6.03;879
252521;Pla d'Urgell;249;19.10;754
431711;Tarragonès;45;21.64;24158
082140;Maresme;142;8.86;9433
082191;Maresme;10;4.00;21234
172229;Alt Empordà;65;5.49;163
431726;Conca de Barberà;269;12.61;494
431732;Priorat;327;5.15;130
431747;Priorat;218;5.62;202
172333;Selva;122;32.59;3298
083041;Alt Penedès;286;9.34;1157
172327;Baix Empordà;82;16.38;220
252537;Garrigues;665;18.88;178
431763;Conca de Barberà;496;66.09;889
252555;Garrigues;479;37.59;435
431779;Ribera d'Ebre;34;26.44;428
431785;Baix Camp;95;10.83;2470
083089;Berguedà;729;66.80;178
430521;Baix Ebre;12;32.39;1186
