geo,tinenca,any,pct
ES,OWN_ML,2007,8.4
ES,OWN_ML,2008,9.9
ES,OWN_ML,2009,12.3
ES,OWN_ML,2010,8.4
ES,OWN_ML,2011,9.6
ES,OWN_ML,2012,9.7
ES,OWN_ML,2013,8.2
ES,OWN_ML,2014,9.0
ES,OWN_ML,2015,8.7
ES,OWN_ML,2016,6.7
ES,OWN_ML,2017,4.5
ES,OWN_ML,2018,3.5
ES,OWN_ML,2019,3.7
ES,OWN_ML,2020,3.0
ES,OWN_ML,2021,3.7
ES,OWN_ML,2022,3.2
ES,OWN_ML,2023,4.4
ES,OWN_NL,2007,2.2
ES,OWN_NL,2008,1.5
ES,OWN_NL,2009,1.6
ES,OWN_NL,2010,2.1
ES,OWN_NL,2011,2.2
ES,OWN_NL,2012,2.7
ES,OWN_NL,2013,2.8
ES,OWN_NL,2014,2.8
ES,OWN_NL,2015,2.7
ES,OWN_NL,2016,2.8
ES,OWN_NL,2017,2.9
ES,OWN_NL,2018,2.6
ES,OWN_NL,2019,1.8
ES,OWN_NL,2020,2.2
ES,OWN_NL,2021,3.1
ES,OWN_NL,2022,2.8
ES,OWN_NL,2023,2.6
ES,RENT_FR,2007,8.7
ES,RENT_FR,2008,6.9
ES,RENT_FR,2009,7.5
ES,RENT_FR,2010,8.8
ES,RENT_FR,2011,7.7
ES,RENT_FR,2012,8.0
ES,RENT_FR,2013,9.5
ES,RENT_FR,2014,10.8
ES,RENT_FR,2015,9.9
ES,RENT_FR,2016,10.6
ES,RENT_FR,2017,13.1
ES,RENT_FR,2018,10.1
ES,RENT_FR,2019,9.3
ES,RENT_FR,2020,8.2
ES,RENT_FR,2021,11.5
ES,RENT_FR,2022,11.5
ES,RENT_FR,2023,10.8
ES,RENT_MKT,2007,35.9
ES,RENT_MKT,2008,43.4
ES,RENT_MKT,2009,41.4
ES,RENT_MKT,2010,43.4
ES,RENT_MKT,2011,42.7
ES,RENT_MKT,2012,44.7
ES,RENT_MKT,2013,42.3
ES,RENT_MKT,2014,47.5
ES,RENT_MKT,2015,43.3
ES,RENT_MKT,2016,43.0
ES,RENT_MKT,2017,42.1
ES,RENT_MKT,2018,38.1
ES,RENT_MKT,2019,37.4
ES,RENT_MKT,2020,35.9
ES,RENT_MKT,2021,40.9
ES,RENT_MKT,2022,39.4
ES,RENT_MKT,2023,30.6
EU27_2020,OWN_ML,2010,8.4
EU27_2020,OWN_ML,2011,8.6
EU27_2020,OWN_ML,2012,8.4
EU27_2020,OWN_ML,2013,8.4
EU27_2020,OWN_ML,2014,7.7
EU27_2020,OWN_ML,2015,7.1
EU27_2020,OWN_ML,2016,5.6
EU27_2020,OWN_ML,2017,4.6
EU27_2020,OWN_ML,2018,4.0
EU27_2020,OWN_ML,2019,4.0
EU27_2020,OWN_ML,2020,3.5
EU27_2020,OWN_ML,2021,5.0
EU27_2020,OWN_ML,2022,4.2
EU27_2020,OWN_ML,2023,5.3
EU27_2020,OWN_NL,2010,6.3
EU27_2020,OWN_NL,2011,6.1
EU27_2020,OWN_NL,2012,7.2
EU27_2020,OWN_NL,2013,7.4
EU27_2020,OWN_NL,2014,7.1
EU27_2020,OWN_NL,2015,7.0
EU27_2020,OWN_NL,2016,6.6
EU27_2020,OWN_NL,2017,6.0
EU27_2020,OWN_NL,2018,5.5
EU27_2020,OWN_NL,2019,5.3
EU27_2020,OWN_NL,2020,4.2
EU27_2020,OWN_NL,2021,4.7
EU27_2020,OWN_NL,2022,5.1
EU27_2020,OWN_NL,2023,4.9
EU27_2020,RENT_FR,2010,9.5
EU27_2020,RENT_FR,2011,11.2
EU27_2020,RENT_FR,2012,12.6
EU27_2020,RENT_FR,2013,11.6
EU27_2020,RENT_FR,2014,11.3
EU27_2020,RENT_FR,2015,11.1
EU27_2020,RENT_FR,2016,12.1
EU27_2020,RENT_FR,2017,12.2
EU27_2020,RENT_FR,2018,10.2
EU27_2020,RENT_FR,2019,10.7
EU27_2020,RENT_FR,2020,8.5
EU27_2020,RENT_FR,2021,9.9
EU27_2020,RENT_FR,2022,11.3
EU27_2020,RENT_FR,2023,11.9
EU27_2020,RENT_MKT,2010,22.2
EU27_2020,RENT_MKT,2011,24.9
EU27_2020,RENT_MKT,2012,26.1
EU27_2020,RENT_MKT,2013,25.9
EU27_2020,RENT_MKT,2014,27.1
EU27_2020,RENT_MKT,2015,26.4
EU27_2020,RENT_MKT,2016,27.0
EU27_2020,RENT_MKT,2017,25.1
EU27_2020,RENT_MKT,2018,25.1
EU27_2020,RENT_MKT,2019,24.2
EU27_2020,RENT_MKT,2020,20.9
EU27_2020,RENT_MKT,2021,21.8
EU27_2020,RENT_MKT,2022,20.9
EU27_2020,RENT_MKT,2023,20.3
