any,nominal_2010_100,real_2010_100
1971,1.61,28.85
1972,1.7,28.17
1973,2.05,30.53
1974,2.73,35.2
1975,2.98,32.83
1976,3.5,32.73
1977,4.79,35.91
1978,6.35,39.86
1979,6.68,36.32
1980,7.02,33.0
1981,7.26,29.8
1982,7.5,26.89
1983,8.95,28.6
1984,9.63,27.65
1985,10.6,27.96
1986,12.23,29.61
1987,16.84,38.77
1988,21.05,46.23
1989,25.96,53.38
1990,30.01,57.86
1991,34.31,62.42
1992,33.85,58.17
1993,33.72,55.4
1994,33.96,53.28
1995,35.13,52.65
1996,35.79,51.8
1997,36.35,51.6
1998,38.04,53.02
1999,41.99,57.2
2000,45.59,60.05
2001,50.09,63.67
2002,57.97,71.49
2003,68.18,81.6
2004,80.08,93.01
2005,91.21,102.51
2006,100.7,109.33
2007,110.58,116.83
2008,109.0,110.66
2009,101.8,103.64
2010,100.0,100.01
2011,92.36,89.53
2012,78.71,74.49
2013,71.52,66.72
2014,71.75,67.02
2015,74.32,69.77
2016,77.75,73.15
2017,82.57,76.19
2018,88.13,79.97
2019,92.69,83.53
2020,94.76,85.68
2021,98.25,86.16
2022,105.52,85.38
2023,109.76,85.78
2024,119.1,90.55
2025,134.22,99.39
