edat,tinenca,any,pct_persones
15 to 29 years,Own outright,2010,41.21
15 to 29 years,Own outright,2011,43.72
15 to 29 years,Own outright,2012,42.69
15 to 29 years,Own outright,2013,42.24
15 to 29 years,Own outright,2014,43.32
15 to 29 years,Own outright,2015,44.03
15 to 29 years,Own outright,2016,44.03
15 to 29 years,Own outright,2017,45.06
15 to 29 years,Own outright,2018,41.68
15 to 29 years,Own outright,2019,43.08
15 to 29 years,Own outright,2020,40.27
15 to 29 years,Own outright,2021,40.45
15 to 29 years,Own outright,2022,41.54
15 to 29 years,Own outright,2023,39.85
15 to 29 years,Own outright,2024,39.32
30 to 49 years,Own outright,2010,28.96
30 to 49 years,Own outright,2011,31.24
30 to 49 years,Own outright,2012,30.01
30 to 49 years,Own outright,2013,27.58
30 to 49 years,Own outright,2014,28.73
30 to 49 years,Own outright,2015,28.34
30 to 49 years,Own outright,2016,27.18
30 to 49 years,Own outright,2017,28.66
30 to 49 years,Own outright,2018,27.21
30 to 49 years,Own outright,2019,27.74
30 to 49 years,Own outright,2020,25.56
30 to 49 years,Own outright,2021,26.39
30 to 49 years,Own outright,2022,26.64
30 to 49 years,Own outright,2023,25.86
30 to 49 years,Own outright,2024,26.46
50 to 64 years,Own outright,2010,62.94
50 to 64 years,Own outright,2011,63.56
50 to 64 years,Own outright,2012,63.75
50 to 64 years,Own outright,2013,62.37
50 to 64 years,Own outright,2014,60.33
50 to 64 years,Own outright,2015,61.64
50 to 64 years,Own outright,2016,61.1
50 to 64 years,Own outright,2017,60.33
50 to 64 years,Own outright,2018,59.25
50 to 64 years,Own outright,2019,59.42
50 to 64 years,Own outright,2020,56.09
50 to 64 years,Own outright,2021,54.51
50 to 64 years,Own outright,2022,54.4
50 to 64 years,Own outright,2023,52.81
50 to 64 years,Own outright,2024,52.27
65 or more years,Own outright,2010,82.1
65 or more years,Own outright,2011,84.62
65 or more years,Own outright,2012,84.69
65 or more years,Own outright,2013,83.46
65 or more years,Own outright,2014,84.63
65 or more years,Own outright,2015,84.43
65 or more years,Own outright,2016,84.82
65 or more years,Own outright,2017,84.43
65 or more years,Own outright,2018,84.71
65 or more years,Own outright,2019,84.0
65 or more years,Own outright,2020,82.11
65 or more years,Own outright,2021,81.88
65 or more years,Own outright,2022,81.61
65 or more years,Own outright,2023,80.9
65 or more years,Own outright,2024,80.36
15 to 29 years,Owner with mortgage,2010,32.41
15 to 29 years,Owner with mortgage,2011,29.48
15 to 29 years,Owner with mortgage,2012,28.15
15 to 29 years,Owner with mortgage,2013,29.77
15 to 29 years,Owner with mortgage,2014,29.24
15 to 29 years,Owner with mortgage,2015,29.67
15 to 29 years,Owner with mortgage,2016,28.9
15 to 29 years,Owner with mortgage,2017,27.24
15 to 29 years,Owner with mortgage,2018,29.49
15 to 29 years,Owner with mortgage,2019,28.12
15 to 29 years,Owner with mortgage,2020,30.6
15 to 29 years,Owner with mortgage,2021,33.49
15 to 29 years,Owner with mortgage,2022,33.29
15 to 29 years,Owner with mortgage,2023,32.74
15 to 29 years,Owner with mortgage,2024,32.2
30 to 49 years,Owner with mortgage,2010,47.13
30 to 49 years,Owner with mortgage,2011,44.91
30 to 49 years,Owner with mortgage,2012,45.24
30 to 49 years,Owner with mortgage,2013,44.83
30 to 49 years,Owner with mortgage,2014,44.63
30 to 49 years,Owner with mortgage,2015,42.7
30 to 49 years,Owner with mortgage,2016,43.26
30 to 49 years,Owner with mortgage,2017,41.78
30 to 49 years,Owner with mortgage,2018,40.2
30 to 49 years,Owner with mortgage,2019,39.02
30 to 49 years,Owner with mortgage,2020,41.84
30 to 49 years,Owner with mortgage,2021,40.39
30 to 49 years,Owner with mortgage,2022,39.68
30 to 49 years,Owner with mortgage,2023,39.18
30 to 49 years,Owner with mortgage,2024,36.32
50 to 64 years,Owner with mortgage,2010,23.35
50 to 64 years,Owner with mortgage,2011,21.26
50 to 64 years,Owner with mortgage,2012,21.11
50 to 64 years,Owner with mortgage,2013,22.32
50 to 64 years,Owner with mortgage,2014,24.8
50 to 64 years,Owner with mortgage,2015,23.93
50 to 64 years,Owner with mortgage,2016,23.83
50 to 64 years,Owner with mortgage,2017,23.37
50 to 64 years,Owner with mortgage,2018,23.91
50 to 64 years,Owner with mortgage,2019,24.07
50 to 64 years,Owner with mortgage,2020,25.96
50 to 64 years,Owner with mortgage,2021,28.5
50 to 64 years,Owner with mortgage,2022,28.76
50 to 64 years,Owner with mortgage,2023,30.28
50 to 64 years,Owner with mortgage,2024,28.27
65 or more years,Owner with mortgage,2010,7.28
65 or more years,Owner with mortgage,2011,5.93
65 or more years,Owner with mortgage,2012,5.61
65 or more years,Owner with mortgage,2013,6.1
65 or more years,Owner with mortgage,2014,5.74
65 or more years,Owner with mortgage,2015,5.55
65 or more years,Owner with mortgage,2016,5.98
65 or more years,Owner with mortgage,2017,5.46
65 or more years,Owner with mortgage,2018,5.44
65 or more years,Owner with mortgage,2019,6.02
65 or more years,Owner with mortgage,2020,7.07
65 or more years,Owner with mortgage,2021,7.83
65 or more years,Owner with mortgage,2022,7.83
65 or more years,Owner with mortgage,2023,7.88
65 or more years,Owner with mortgage,2024,8.21
15 to 29 years,Rent (private),2010,16.37
15 to 29 years,Rent (private),2011,17.22
15 to 29 years,Rent (private),2012,18.81
15 to 29 years,Rent (private),2013,17.47
15 to 29 years,Rent (private),2014,16.54
15 to 29 years,Rent (private),2015,15.06
15 to 29 years,Rent (private),2016,16.69
15 to 29 years,Rent (private),2017,17.35
15 to 29 years,Rent (private),2018,18.43
15 to 29 years,Rent (private),2019,19.34
15 to 29 years,Rent (private),2020,18.32
15 to 29 years,Rent (private),2021,17.0
15 to 29 years,Rent (private),2022,16.88
15 to 29 years,Rent (private),2023,18.53
15 to 29 years,Rent (private),2024,19.96
30 to 49 years,Rent (private),2010,15.08
30 to 49 years,Rent (private),2011,15.62
30 to 49 years,Rent (private),2012,16.03
30 to 49 years,Rent (private),2013,17.64
30 to 49 years,Rent (private),2014,16.34
30 to 49 years,Rent (private),2015,18.61
30 to 49 years,Rent (private),2016,19.95
30 to 49 years,Rent (private),2017,20.27
30 to 49 years,Rent (private),2018,22.27
30 to 49 years,Rent (private),2019,23.71
30 to 49 years,Rent (private),2020,20.92
30 to 49 years,Rent (private),2021,22.41
30 to 49 years,Rent (private),2022,22.68
30 to 49 years,Rent (private),2023,23.76
30 to 49 years,Rent (private),2024,26.19
50 to 64 years,Rent (private),2010,6.7
50 to 64 years,Rent (private),2011,7.71
50 to 64 years,Rent (private),2012,7.84
50 to 64 years,Rent (private),2013,7.63
50 to 64 years,Rent (private),2014,7.75
50 to 64 years,Rent (private),2015,7.52
50 to 64 years,Rent (private),2016,7.89
50 to 64 years,Rent (private),2017,9.03
50 to 64 years,Rent (private),2018,9.72
50 to 64 years,Rent (private),2019,9.3
50 to 64 years,Rent (private),2020,9.25
50 to 64 years,Rent (private),2021,9.59
50 to 64 years,Rent (private),2022,9.86
50 to 64 years,Rent (private),2023,10.04
50 to 64 years,Rent (private),2024,12.08
65 or more years,Rent (private),2010,3.5
65 or more years,Rent (private),2011,3.33
65 or more years,Rent (private),2012,3.18
65 or more years,Rent (private),2013,3.72
65 or more years,Rent (private),2014,3.2
65 or more years,Rent (private),2015,3.58
65 or more years,Rent (private),2016,3.87
65 or more years,Rent (private),2017,4.17
65 or more years,Rent (private),2018,4.15
65 or more years,Rent (private),2019,4.62
65 or more years,Rent (private),2020,5.07
65 or more years,Rent (private),2021,5.03
65 or more years,Rent (private),2022,5.25
65 or more years,Rent (private),2023,5.55
65 or more years,Rent (private),2024,5.69
15 to 29 years,Rent (subsidized),2010,3.74
15 to 29 years,Rent (subsidized),2011,3.31
15 to 29 years,Rent (subsidized),2012,3.36
15 to 29 years,Rent (subsidized),2013,3.18
15 to 29 years,Rent (subsidized),2014,3.6
15 to 29 years,Rent (subsidized),2015,3.31
15 to 29 years,Rent (subsidized),2016,3.64
15 to 29 years,Rent (subsidized),2017,2.74
15 to 29 years,Rent (subsidized),2018,3.12
15 to 29 years,Rent (subsidized),2019,3.18
15 to 29 years,Rent (subsidized),2020,4.12
15 to 29 years,Rent (subsidized),2021,3.46
15 to 29 years,Rent (subsidized),2022,3.49
15 to 29 years,Rent (subsidized),2023,3.54
15 to 29 years,Rent (subsidized),2024,3.39
30 to 49 years,Rent (subsidized),2010,2.78
30 to 49 years,Rent (subsidized),2011,2.57
30 to 49 years,Rent (subsidized),2012,2.28
30 to 49 years,Rent (subsidized),2013,2.57
30 to 49 years,Rent (subsidized),2014,2.19
30 to 49 years,Rent (subsidized),2015,2.1
30 to 49 years,Rent (subsidized),2016,2.42
30 to 49 years,Rent (subsidized),2017,2.79
30 to 49 years,Rent (subsidized),2018,2.65
30 to 49 years,Rent (subsidized),2019,2.82
30 to 49 years,Rent (subsidized),2020,4.07
30 to 49 years,Rent (subsidized),2021,3.26
30 to 49 years,Rent (subsidized),2022,3.58
30 to 49 years,Rent (subsidized),2023,3.92
30 to 49 years,Rent (subsidized),2024,4.18
50 to 64 years,Rent (subsidized),2010,2.55
50 to 64 years,Rent (subsidized),2011,2.63
50 to 64 years,Rent (subsidized),2012,2.36
50 to 64 years,Rent (subsidized),2013,2.45
50 to 64 years,Rent (subsidized),2014,2.38
50 to 64 years,Rent (subsidized),2015,2.31
50 to 64 years,Rent (subsidized),2016,2.73
50 to 64 years,Rent (subsidized),2017,2.26
50 to 64 years,Rent (subsidized),2018,2.25
50 to 64 years,Rent (subsidized),2019,2.63
50 to 64 years,Rent (subsidized),2020,2.6
50 to 64 years,Rent (subsidized),2021,2.45
50 to 64 years,Rent (subsidized),2022,2.54
50 to 64 years,Rent (subsidized),2023,2.2
50 to 64 years,Rent (subsidized),2024,2.72
65 or more years,Rent (subsidized),2010,3.0
65 or more years,Rent (subsidized),2011,2.8
65 or more years,Rent (subsidized),2012,2.68
65 or more years,Rent (subsidized),2013,2.46
65 or more years,Rent (subsidized),2014,2.6
65 or more years,Rent (subsidized),2015,2.44
65 or more years,Rent (subsidized),2016,1.75
65 or more years,Rent (subsidized),2017,2.1
65 or more years,Rent (subsidized),2018,2.32
65 or more years,Rent (subsidized),2019,1.98
65 or more years,Rent (subsidized),2020,2.36
65 or more years,Rent (subsidized),2021,2.1
65 or more years,Rent (subsidized),2022,2.15
65 or more years,Rent (subsidized),2023,2.45
65 or more years,Rent (subsidized),2024,2.22
15 to 29 years,"Other, unknown",2010,6.26
15 to 29 years,"Other, unknown",2011,6.26
15 to 29 years,"Other, unknown",2012,6.98
15 to 29 years,"Other, unknown",2013,7.34
15 to 29 years,"Other, unknown",2014,7.3
15 to 29 years,"Other, unknown",2015,7.93
15 to 29 years,"Other, unknown",2016,6.74
15 to 29 years,"Other, unknown",2017,7.61
15 to 29 years,"Other, unknown",2018,7.28
15 to 29 years,"Other, unknown",2019,6.28
15 to 29 years,"Other, unknown",2020,6.7
15 to 29 years,"Other, unknown",2021,5.6
15 to 29 years,"Other, unknown",2022,4.8
15 to 29 years,"Other, unknown",2023,5.34
15 to 29 years,"Other, unknown",2024,5.13
30 to 49 years,"Other, unknown",2010,6.04
30 to 49 years,"Other, unknown",2011,5.66
30 to 49 years,"Other, unknown",2012,6.45
30 to 49 years,"Other, unknown",2013,7.37
30 to 49 years,"Other, unknown",2014,8.11
30 to 49 years,"Other, unknown",2015,8.24
30 to 49 years,"Other, unknown",2016,7.2
30 to 49 years,"Other, unknown",2017,6.5
30 to 49 years,"Other, unknown",2018,7.67
30 to 49 years,"Other, unknown",2019,6.72
30 to 49 years,"Other, unknown",2020,7.61
30 to 49 years,"Other, unknown",2021,7.55
30 to 49 years,"Other, unknown",2022,7.42
30 to 49 years,"Other, unknown",2023,7.28
30 to 49 years,"Other, unknown",2024,6.85
50 to 64 years,"Other, unknown",2010,4.46
50 to 64 years,"Other, unknown",2011,4.84
50 to 64 years,"Other, unknown",2012,4.95
50 to 64 years,"Other, unknown",2013,5.23
50 to 64 years,"Other, unknown",2014,4.74
50 to 64 years,"Other, unknown",2015,4.6
50 to 64 years,"Other, unknown",2016,4.46
50 to 64 years,"Other, unknown",2017,5.01
50 to 64 years,"Other, unknown",2018,4.87
50 to 64 years,"Other, unknown",2019,4.57
50 to 64 years,"Other, unknown",2020,6.11
50 to 64 years,"Other, unknown",2021,4.95
50 to 64 years,"Other, unknown",2022,4.44
50 to 64 years,"Other, unknown",2023,4.67
50 to 64 years,"Other, unknown",2024,4.66
65 or more years,"Other, unknown",2010,4.12
65 or more years,"Other, unknown",2011,3.32
65 or more years,"Other, unknown",2012,3.84
65 or more years,"Other, unknown",2013,4.25
65 or more years,"Other, unknown",2014,3.83
65 or more years,"Other, unknown",2015,3.99
65 or more years,"Other, unknown",2016,3.58
65 or more years,"Other, unknown",2017,3.84
65 or more years,"Other, unknown",2018,3.38
65 or more years,"Other, unknown",2019,3.38
65 or more years,"Other, unknown",2020,3.39
65 or more years,"Other, unknown",2021,3.15
65 or more years,"Other, unknown",2022,3.16
65 or more years,"Other, unknown",2023,3.22
65 or more years,"Other, unknown",2024,3.52
