any,llars_milers,tipus_hipoteca,preu_renda_anys,esforc_teoric,rendibilitat_lloguer,diposit_1_2_anys,credit_habitatge_pib,cost_construccio,pct_lloguer,pct_propietat
1985,,,,,,,,,17.08,76.0
1986,,,,,,,,,15.95,77.09
1987,,,3.092,47.295,,,,,15.92,76.54
1988,,,3.633,56.245,7.322,,,,15.57,76.96
1989,,15.132,4.087,65.218,6.3,,,,14.96,77.9
1990,,16.498,4.315,71.427,5.535,,,,14.5,78.6
1991,,16.173,4.425,70.51,5.17,,,,13.5,79.3
1992,,15.105,4.09,60.645,4.853,,,,14.4,78.5
1993,,14.101,3.9,53.885,5.343,,,,15.0,77.8
1994,,10.537,3.83,43.097,5.73,,,,14.4,78.8
1995,,11.281,3.723,42.435,5.985,,16.433,,13.9,79.5
1996,,9.66,3.547,35.96,6.212,,17.012,,13.7,80.1
1997,,7.051,3.507,29.312,6.525,,18.87,,12.5,81.0
1998,,5.737,3.568,26.35,6.777,,21.585,,11.21,82.02
1999,,4.782,3.845,25.6,6.73,,24.157,,10.58,82.72
2000,,5.785,4.15,29.13,6.315,,26.788,,9.86,84.07
2001,,5.839,4.555,31.262,5.742,,29.63,,9.59,84.54
2002,14499.425,4.848,5.242,32.258,5.183,,32.565,,9.7,84.72
2003,14927.25,3.749,6.14,33.23,4.635,2.071,35.853,,10.64,84.08
2004,15324.325,3.408,7.185,36.66,4.107,2.071,41.273,,13.9,79.5
2005,15759.775,3.371,8.133,40.197,3.65,1.883,47.648,76.68,13.0,80.5
2006,16179.775,4.234,8.832,46.457,3.243,2.649,54.327,80.502,13.5,79.5
2007,16643.025,5.253,9.357,53.158,5.298,3.533,59.0,84.921,13.6,80.1
2008,17067.75,5.815,9.045,53.618,5.027,4.499,60.645,88.998,14.2,79.6
2009,17384.275,3.357,8.625,39.585,5.29,2.603,62.34,88.522,14.6,79.3
2010,17645.225,2.598,8.69,37.405,5.758,2.842,63.19,89.333,14.5,79.4
2011,17897.325,3.458,8.11,39.233,5.935,3.009,62.593,92.128,14.9,79.6
2012,18090.9,3.397,7.272,35.438,6.458,2.437,62.245,92.743,14.5,79.2
2013,18212.475,3.193,6.707,32.583,7.49,1.931,60.76,92.641,15.4,77.7
2014,18328.9,3.112,6.735,33.288,8.317,1.104,57.867,92.468,14.9,78.0
2015,18375.975,2.499,6.64,31.032,8.245,0.523,53.71,91.804,15.6,77.3
2016,18444.175,2.323,6.68,30.538,7.947,0.255,49.777,91.044,16.3,77.1
2017,18512.55,2.194,6.795,30.34,7.655,0.134,46.537,92.451,16.9,76.7
2018,18580.65,2.212,6.913,30.692,7.308,0.076,44.188,94.103,17.5,76.1
2019,18696.55,2.216,6.862,30.25,6.955,0.059,42.108,94.744,18.1,75.9
2020,18793.875,1.918,6.997,29.705,6.708,0.045,43.735,94.1,18.0,75.2
2021,18746.15,1.619,7.147,29.038,6.615,0.395,43.44,100.0,18.0,75.8
2022,19078.275,2.086,7.418,31.545,6.443,0.557,39.165,111.381,18.1,75.9
2023,19368.975,3.892,7.192,36.88,6.115,1.937,34.562,114.952,18.7,75.1
2024,19537.025,3.465,7.07,34.63,6.008,2.639,31.855,115.77,20.4,73.6
2025,19759.5,2.78,7.6,34.315,5.678,1.465,30.78,118.502,20.2,73.3
