pais,any,pct_parc
Netherlands,2021,34.07
Austria,2019,23.6
Denmark,2022,21.33
United Kingdom (England),2022,16.36
France,2018,14.01
Ireland,2016,12.7
Iceland,2016,11.1
Finland,2021,10.94
Korea,2018,8.9
Poland,2020,6.65
Slovenia,2018,4.67
Belgium,2018,4.17
Norway,2022,4.1
New Zealand,2020,3.81
Czechia,2021,3.6
United States,2019,3.62
Canada,2022,3.47
Australia,2021,3.23
Japan,2018,3.08
Hungary,2018,2.65
Germany,2021,2.56
Slovak Republic,2021,2.5
Italy,2022,2.4
Latvia,2016,1.89
Israel,2023,1.77
Spain,2019,1.13
Estonia,2017,1.07
Portugal,2021,1.06
Lithuania,2020,0.81
Colombia,2019,0.01
