any,cat_iniciats_lliures,cat_acabats_lliures,cat_protegits,bcn_iniciats_lliures,bcn_acabats_lliures,bcn_protegits,es_iniciats_lliures,es_acabats_lliures,es_protegits
1991,25533,30526,1946,14516,16620,690,161066,227970,44514
1992,28532,31353,1978,17035,19449,879,160958,178501,35695
1993,23306,27343,2685,15279,18370,1139,143158,170403,45795
1994,29661,27197,3606,19296,18898,1507,179572,174793,67639
1995,35997,27584,5286,22850,18539,2421,234583,155902,71141
1996,44183,33299,6798,31113,21026,3296,224252,194871,77544
1997,53135,33679,5933,38149,21687,3361,258337,224332,85028
1998,66258,47691,5580,44043,34646,3379,351377,226631,74597
1999,74886,60432,1921,46089,42832,966,453114,296250,55972
2000,74828,65188,3319,47154,42110,1648,487810,362940,52318
2001,65474,76538,4738,38445,47358,2948,475059,452252,53413
2002,83748,72150,2492,48134,44622,1174,499046,480729,37544
2003,88649,68798,3754,45032,36943,2569,550465,462730,40994
2004,89813,86558,5462,48544,48500,3966,621257,509293,54630
2005,91053,81441,5039,46226,41811,3584,635608,528754,62850
2006,101772,80817,3803,51531,42602,2820,664923,597632,60878
2007,69786,87086,4303,33169,41159,3300,532117,579665,67514
2008,28302,87518,6315,14466,44160,4866,237959,563631,68587
2009,12682,42219,6366,8209,23126,4648,80230,356555,67904
2010,10496,25441,6786,6603,13573,4909,63090,218572,58311
2011,5178,24562,5759,2690,17019,4486,51956,121043,58308
2012,3971,8388,5147,2639,3784,4029,34580,80083,53332
2013,2777,4251,892,1635,2874,779,29232,43230,17059
2014,3302,4224,1059,2054,2645,957,32120,35382,15046
2015,6074,4121,617,4486,2594,546,44679,41541,7931
2016,8273,4343,634,6324,2837,587,59168,37512,7118
2017,10424,7085,1358,8388,5316,1356,74201,49336,4938
2018,11426,7994,633,8662,6306,633,91477,58853,5191
2019,12031,9872,945,8630,7616,914,96245,71562,7248
2020,10057,10907,1223,7857,7897,1155,75930,77531,9973
2021,10987,10984,1529,8096,8119,1352,100504,84091,10637
2022,13554,9774,1723,9996,7452,1642,96996,79935,9610
2023,12742,9069,2243,8958,6729,2046,98040,80473,8847
2024,15244,11752,1893,11237,8571,1622,112220,86609,14371
2025,13882,11222,3517,8855,7886,2906,121827,80792,12858
