lon;lat;codi_municipi
2.81913;41.9949;170792
2.05382;41.55693;082798
2.11105;41.55758;081878
2.46788;42.18748;171143
1.8391;41.72028;081136
2.80191;41.68772;170237
2.15436;41.41096;080193
2.43007;41.55588;081213
2.10333;41.34247;081017
2.26036;41.93666;082981
1.2516;41.2835;431613
2.15177;41.38912;080193
2.65727;41.61475;080351
2.14343;41.42802;080193
2.01487;41.3124;083015
2.95568;42.26796;170669
1.92833;42.43123;171411
1.25493;41.11638;431482
0.57815;40.70892;430141
2.17579;41.41506;080193
2.79783;41.97227;171557
2.29505;41.61291;080961
2.23823;41.4798;080155
2.14343;41.42802;080193
2.16674;42.22268;170366
1.72282;41.22871;083073
2.10672;41.37444;081017
0.51622;40.81379;431554
2.05919;41.36949;082172
1.54279;41.22391;431634
3.13124;41.85283;171181
1.61972;41.58794;081022
2.01659;41.56357;082798
0.61214;41.62585;251207
2.20196;41.54233;081249
2.14343;41.42802;080193
2.24571;41.45057;080155
0.89706;42.16458;252347
2.12667;41.38544;080193
1.85126;42.10602;080229
1.46088;42.35488;252038
1.92027;41.47183;081141
1.10993;41.1551;431233
2.48657;41.68774;082021
2.10101;41.38403;080771
2.21203;41.43808;082457
2.14543;41.38877;080193
0.63751;41.0956;430939
2.03175;41.35323;082009
1.23862;41.12423;431482
1.70576;41.35598;083054
0.79777;42.70198;252430
0.52724;40.81174;431554
2.17282;41.41246;080193
2.19467;41.3834;080193
1.76628;41.25411;082310
2.14256;41.4009;080193
