codi;min_cotxe;km_carretera;hospital_codi
250019;24.9;23.7;252347
080018;7.1;5.6;081141
250024;27.6;29.8;252347
250030;42.2;53.7;081022
080023;20.7;26.6;081136
170010;19.9;19.0;170669
080142;22.7;20.5;082981
430017;20.7;16.4;431613
170025;9.1;6.3;171557
250387;23.7;22.0;251207
250045;15.9;11.9;251207
250058;7.8;7.4;252038
250061;36.1;28.8;251207
170031;24.3;22.7;170669
250077;12.7;10.2;251207
250083;22.2;17.4;251207
250096;31.0;36.2;431613
430022;7.4;6.2;431634
430038;26.8;19.0;431233
170046;23.8;24.0;170669
430043;23.9;23.3;430141
250100;18.3;17.5;251207
250117;14.3;11.7;251207
250122;13.1;10.5;251207
430056;9.2;8.3;431613
439044;8.5;5.9;430141
430069;7.8;7.4;431554
430075;17.0;10.0;431233
080039;6.9;6.8;080155
430081;27.2;17.3;431554
250138;25.3;28.5;251207
250143;16.5;14.8;251207
430094;20.5;14.6;431233
250156;30.6;34.3;251207
250169;17.3;13.6;251207
250175;67.5;66.6;252347
430108;6.5;4.8;431613
250194;19.7;21.4;251207
250208;54.2;49.2;251207
250215;23.4;24.4;251207
430115;10.9;6.4;431233
250220;65.0;57.7;251207
170062;12.8;12.4;171411
080044;38.6;32.3;080229
250236;10.8;7.4;251207
250241;39.4;39.9;252430
430120;14.7;13.6;431482
170078;24.6;22.1;171557
430136;27.9;29.8;430141
080057;12.0;8.8;080961
439060;19.2;19.7;430141
430141;0.9;0.3;430141
170084;18.1;14.8;171557
250273;34.6;44.4;251207
250292;33.6;38.7;251207
430167;7.6;7.1;431634
430154;19.8;14.5;431233
170097;29.3;27.8;082021
080060;12.1;13.9;080351
080076;12.9;15.2;080351
170101;16.2;16.3;171143
080082;16.9;18.8;081022
430173;31.2;20.9;431233
080095;5.4;4.2;081213
170118;20.2;19.0;170669
430189;44.9;41.8;431554
250313;14.0;9.9;252430
250328;14.0;13.6;252038
080109;15.6;16.8;081136
250334;18.6;11.6;251207
250349;48.3;51.4;252347
430192;17.6;16.7;430939
250365;30.0;19.3;251207
250371;39.1;43.4;252347
080116;6.7;3.9;080229
080121;20.3;23.6;081136
170123;7.4;4.9;170669
080137;9.1;7.1;083054
080155;1.3;0.5;080155
089045;8.7;8.3;082798
080168;19.8;20.0;080229
250390;26.6;27.1;252347
250404;26.8;26.3;251207
080174;16.8;14.7;082981
080180;15.7;18.8;081136
430206;9.0;9.4;431634
170157;20.8;16.6;170792
250411;33.8;42.1;251207
430213;24.1;22.3;431613
082520;9.4;5.2;081878
080193;4.2;2.0;080193
250426;56.4;67.0;081022
170160;16.5;14.3;170669
250447;47.9;47.6;252038
430228;34.9;34.9;430939
250450;26.8;23.3;252430
080207;14.8;10.3;083015
170139;19.9;17.0;171181
250463;43.4;47.3;251207
251706;49.2;45.2;251207
170182;28.6;27.2;170669
250479;34.9;35.7;251207
250485;17.7;14.4;251207
250498;44.5;45.1;251207
430234;27.3;23.3;430939
080214;25.6;20.2;081022
250501;30.7;38.3;251207
430249;3.4;2.8;431634
250518;17.8;17.3;171411
250523;23.3;22.9;251207
250539;13.7;10.6;251207
430252;20.5;21.2;431554
430265;8.1;4.3;430939
080229;2.0;0.6;080229
170195;20.5;22.8;171143
170209;7.3;5.0;171557
170216;23.7;25.8;171143
080235;17.6;14.2;080961
250557;40.5;43.2;081022
170221;22.4;19.4;171181
430271;36.9;34.4;430939
430287;8.4;8.0;431634
172348;11.8;10.1;170669
430290;24.7;22.0;431613
170237;3.1;2.1;170237
170293;16.4;14.0;170669
170242;6.0;4.8;171411
430304;19.0;17.6;431634
250576;9.8;8.8;252430
170255;17.6;11.2;170792
250582;26.8;32.5;251207
430311;12.7;8.4;431233
170268;8.7;5.8;170669
080240;16.7;17.2;080229
250595;17.2;16.3;252430
430326;31.9;30.3;430939
430332;19.4;13.3;431233
250560;47.8;44.4;251207
430347;12.9;11.3;431613
170274;15.2;11.1;082021
080253;14.8;16.3;081022
080266;25.7;20.2;082981
170280;23.3;27.4;171557
430350;33.9;31.5;430939
250609;44.0;55.7;081022
170314;15.8;13.9;170669
170307;8.5;5.1;170669
080272;3.3;2.1;083054
250616;45.2;31.1;252038
430363;19.0;15.9;431613
080288;12.8;16.0;083054
080291;9.4;7.1;081213
080305;14.6;13.0;081213
170329;39.5;33.4;170669
080312;22.9;24.7;081022
430379;5.1;3.4;431634
080348;18.0;16.8;081136
080327;7.2;8.9;081213
170335;22.3;20.7;171557
080333;14.7;13.7;081249
080351;0.6;0.6;080351
080370;5.2;2.8;082981
080386;12.3;12.2;081136
080364;26.1;26.6;081022
170340;9.5;6.8;171181
250621;37.9;42.9;252347
439039;14.9;13.9;430141
430385;15.4;11.3;431233
170353;18.6;15.2;170792
170366;0.9;0.4;170366
170372;16.4;13.5;170366
080399;8.0;4.7;082021
170388;15.2;14.3;171557
170391;30.8;27.6;170366
250637;41.6;29.9;252430
170405;15.9;11.9;170792
080403;8.3;6.7;080351
439076;7.3;7.1;431482
080410;3.5;1.4;080961
080425;17.2;10.9;080961
170412;22.6;24.8;170669
080431;6.4;4.8;082310
430398;43.7;31.1;431613
430402;20.5;16.5;430939
080446;11.8;10.6;081022
170427;14.1;13.4;170669
080459;20.6;13.3;080229
080462;8.5;6.6;080961
080478;31.5;33.8;081136
080484;16.2;12.1;081022
430419;38.9;38.7;430939
170448;15.8;12.9;171557
080497;12.1;13.3;080229
170486;12.6;7.1;171181
080575;25.7;22.2;080229
259046;21.1;15.0;252347
250642;57.3;54.8;080229
080522;31.6;21.5;170366
080500;19.7;13.0;080229
080517;12.7;7.7;081878
080538;14.2;13.4;081136
080543;13.6;7.7;081141
080556;39.0;36.9;081136
250674;27.6;20.8;251207
080569;8.0;6.4;083015
080581;12.7;11.3;431634
170464;9.8;9.2;171143
080608;30.7;32.9;081022
080594;17.4;12.9;081022
080615;9.9;8.5;081136
080620;31.4;16.1;081136
250680;27.4;34.5;251207
170470;15.7;11.2;170669
250693;31.4;31.5;251207
080636;8.6;8.7;081022
250707;43.5;45.8;251207
080641;35.8;34.3;081136
430424;7.9;3.8;431233
080654;10.6;8.5;083054
080667;8.7;5.2;081141
430430;11.0;10.7;431482
250714;24.2;17.7;252038
171899;20.2;16.3;171557
170499;12.5;8.0;170792
080673;21.1;18.6;082981
082687;6.7;5.5;080229
082665;11.1;9.3;082457
080689;16.9;16.1;080771
250729;24.0;32.6;081022
250735;37.2;43.1;431613
170502;17.2;13.0;170792
170519;14.1;11.1;170669
250740;39.2;39.0;431613
250753;38.3;42.4;081136
250766;32.9;24.2;251207
170545;29.8;26.1;170669
250772;29.4;26.8;252038
080692;14.4;14.5;081141
430458;32.8;24.6;431233
080706;23.7;19.4;082981
170558;22.6;19.3;170792
251636;54.1;37.6;080229
251615;11.6;11.8;252347
430461;37.7;35.2;081022
430477;7.3;5.1;431482
080713;12.1;11.5;081022
430483;17.7;17.4;430939
080728;21.0;19.5;080771
250788;13.0;10.6;251207
170577;29.1;23.1;170792
080734;5.5;3.3;080771
170561;13.8;11.4;170792
430496;36.0;29.4;431233
430509;13.0;12.1;431634
170583;20.3;17.5;170669
179011;29.5;24.3;171181
080749;8.3;5.7;083073
250791;41.2;42.5;251207
430516;8.5;9.0;431634
170600;18.7;17.8;170669
170617;11.4;10.1;171411
439018;15.6;14.4;430141
080752;14.8;12.0;081213
430537;30.9;21.2;431233
170622;26.4;25.8;170669
080765;11.7;9.7;081141
170638;17.2;21.1;082981
250812;44.5;39.8;431613
430542;22.6;21.5;431613
080771;2.4;0.8;080771
170643;17.5;16.9;170669
170656;22.0;18.7;170669
250827;51.4;52.9;252430
080787;10.9;9.9;080229
082541;23.9;15.7;082981
250886;14.7;8.6;252038
080790;22.4;23.3;082981
250851;29.0;30.3;081022
250864;42.4;40.3;252430
250870;73.6;69.3;252347
430555;21.1;19.6;430939
170059;7.1;4.2;170669
250899;72.9;64.1;252347
430568;21.6;19.6;430939
430574;50.8;32.9;431233
081347;16.1;14.9;080961
080804;17.1;15.5;080229
259084;56.7;36.1;252038
430580;25.5;18.3;430939
170669;0.8;0.3;170669
430593;19.2;15.0;431613
170675;22.3;14.8;170792
430607;23.0;22.3;430939
250925;37.1;43.4;251207
080826;29.6;21.7;082021
080811;9.8;5.8;082021
170681;27.8;21.7;170792
080832;11.2;6.6;082981
250931;21.3;25.6;251207
080847;28.7;26.5;081136
170694;7.4;6.0;171411
170708;27.7;23.3;171181
170715;28.3;23.9;170792
080850;11.7;7.8;083054
250946;46.7;48.4;251207
179026;19.9;17.8;171181
430614;38.6;31.0;431613
170736;8.5;5.0;171557
170741;12.6;10.5;170669
080863;4.3;2.4;080961
430629;8.9;7.0;430141
250962;39.7;48.8;251207
250978;37.9;35.5;431613
080902;25.0;30.0;080229
430635;17.3;12.8;430141
080879;31.0;26.3;081249
430640;21.9;21.4;430939
430653;7.6;6.2;430939
430666;9.1;9.2;431482
080885;13.7;8.5;080961
170754;12.1;9.6;170669
170767;28.2;24.6;170792
170773;18.0;14.9;170669
080898;3.3;1.2;083015
250984;9.2;7.4;252347
080919;8.1;7.4;081141
170789;9.4;8.3;171411
259123;34.5;29.2;251207
430672;11.9;10.0;430939
170792;2.1;0.9;170792
080924;8.5;10.0;080229
080930;62.6;29.9;080229
430688;23.0;17.0;430141
250997;26.2;31.5;251207
170806;7.8;7.2;170366
251001;42.5;39.9;080229
080945;3.3;2.5;083054
251018;38.4;37.6;251207
080958;48.1;30.6;081136
251023;38.0;43.4;251207
080961;2.0;0.8;080961
251039;29.8;37.4;081022
251057;26.2;24.2;251207
251044;34.3;40.0;081022
430691;31.2;28.5;430939
080977;14.6;9.9;082021
170813;27.7;26.1;171181
080996;16.0;16.5;080229
430705;19.1;16.2;430939
170828;9.9;6.4;171411
251095;46.1;44.2;081022
259031;42.7;43.4;252430
251109;35.9;45.3;081022
251116;39.3;25.7;080229
081000;3.7;1.8;082981
430712;40.5;37.3;431554
081017;2.9;1.5;081017
081629;21.2;19.7;081022
170834;17.2;19.5;082021
081022;1.9;1.0;081022
251155;17.0;18.0;252347
170849;12.4;10.5;171411
251137;33.0;37.1;251207
251121;30.7;31.7;251207
251142;40.4;41.5;081022
170852;26.6;22.5;170792
170865;19.0;20.4;170669
081038;9.2;8.3;081022
259101;62.4;53.2;080229
170871;18.1;10.9;170792
251180;40.6;37.7;251207
251193;23.9;21.0;251207
251214;19.3;18.7;252430
251229;30.4;35.5;251207
081043;24.9;21.0;081022
170887;17.3;15.9;170669
251235;115.4;78.4;252347
251240;46.8;49.4;080229
081056;6.8;3.5;081249
170890;20.2;19.5;171557
170904;9.9;8.7;171557
170911;34.2;29.9;170366
170926;22.7;21.1;170669
251253;31.5;32.7;251207
251266;54.4;54.5;252347
251207;4.1;1.8;251207
170932;6.8;5.0;170669
251272;37.9;31.1;252038
081075;8.9;4.6;080961
081081;10.6;7.7;080961
251288;21.9;19.1;252347
081069;10.5;9.4;082021
170947;8.5;6.3;171411
430727;25.7;18.5;430939
251291;47.1;49.5;080229
430733;32.5;32.7;081022
430748;6.6;6.6;431634
170950;5.4;4.0;170237
170963;14.4;13.9;170366
081094;33.5;31.9;080229
171024;27.5;26.6;170669
171030;20.5;24.8;171557
170979;27.2;17.7;170792
170985;23.0;21.6;170669
251333;36.7;38.3;251207
251305;45.6;49.4;251207
081108;8.3;7.8;080351
081115;10.4;5.3;082981
081120;14.3;9.6;082981
081136;2.0;0.7;081136
430764;17.8;16.5;430939
430751;44.1;39.2;430939
082423;21.8;18.4;081136
081141;2.4;0.9;081141
081154;9.2;4.6;081249
430770;26.6;15.7;431554
171002;12.3;11.3;170669
430786;6.1;4.4;430141
081167;14.2;9.0;082981
081173;13.2;11.4;082981
430799;15.4;15.0;431634
081189;10.7;8.2;080155
430803;9.6;8.4;431613
430810;12.1;7.0;431233
081192;13.8;10.4;081141
430825;14.1;10.9;430939
251312;32.4;37.2;251207
171019;19.8;21.9;082021
251327;39.5;50.1;081022
081206;6.8;3.8;082798
081213;4.4;2.3;081213
081228;22.9;24.6;083054
251348;19.1;17.6;251207
170998;27.8;19.8;171411
171058;24.6;20.4;171143
430831;9.4;8.3;431613
251351;28.4;31.3;251207
430846;13.7;7.4;430939
081385;27.3;27.1;081136
430859;17.2;12.8;430939
081234;13.0;11.5;080771
251370;24.9;28.8;251207
171061;16.4;13.9;170669
081249;1.0;0.4;081249
171077;37.4;34.1;170366
251364;40.7;34.4;081022
081287;28.5;23.8;081136
081271;16.4;16.5;081136
171096;13.4;12.9;171143
430862;17.3;14.6;431613
430884;15.2;11.1;431233
081252;10.9;6.5;080155
081304;20.9;15.6;080229
251399;22.3;22.9;252038
081311;16.9;15.0;170366
251403;7.3;4.4;252038
430897;15.1;13.1;431613
251386;41.0;41.8;251207
081265;1.7;0.8;080155
081326;17.2;16.8;080229
081332;16.2;20.1;081022
430901;25.8;18.5;431634
081350;10.7;6.5;081249
251425;15.4;10.9;251207
251410;40.9;37.3;081022
251431;43.3;44.3;081022
081363;13.3;7.0;081249
430918;29.2;21.3;431613
171100;9.2;7.0;171181
430923;21.5;16.9;431233
081379;20.2;15.4;082021
430939;0.7;0.3;430939
430944;4.7;2.4;430939
430957;9.3;9.6;431482
430960;42.5;34.8;431233
081290;21.0;12.6;082981
081398;28.8;15.9;081136
251459;42.2;41.6;431613
250254;9.9;8.6;252430
081402;12.3;9.3;081136
081419;19.2;26.0;080229
171117;11.6;9.5;170669
251462;23.6;24.4;080229
081424;16.1;14.0;080229
430976;15.7;16.6;431482
430982;9.7;5.4;431613
251484;73.5;51.1;252038
081430;3.5;2.4;081022
171122;20.5;17.0;170366
081458;7.8;6.7;083054
081461;21.2;15.2;083054
081477;12.1;10.5;081141
251497;42.1;40.9;252038
251500;47.9;60.3;081022
251517;40.9;43.1;080229
081483;16.3;10.6;082310
081496;20.1;21.2;082981
171143;2.4;1.2;171143
251522;29.3;34.4;081022
081445;11.1;11.4;080229
251538;39.9;41.7;251207
251543;46.6;36.5;431613
171156;12.8;9.9;170669
251556;24.0;22.1;252038
081509;17.8;15.5;082981
081516;21.7;22.7;082981
081521;18.8;13.7;081022
081537;14.8;10.1;081213
251569;40.0;39.2;251207
171169;27.1;24.5;171557
251575;39.8;50.8;081022
081542;4.8;3.6;083054
081555;6.3;5.0;170237
171175;11.6;8.8;171181
171181;1.2;0.4;171181
251581;23.4;27.3;251207
171194;14.2;12.2;170669
171215;25.7;17.8;171181
171208;21.4;19.1;170669
081568;11.0;7.1;081249
431009;9.3;7.3;431482
081574;13.8;12.7;080771
430995;40.5;31.1;430939
089058;17.3;15.9;080771
171236;15.0;11.7;170792
171241;19.0;16.6;171181
081580;14.2;13.5;080771
171254;19.9;15.8;170366
081593;7.8;5.8;081249
171267;31.2;23.9;170792
431016;44.8;36.2;431613
171289;18.6;16.5;170669
431021;24.5;20.0;431554
171292;16.4;12.2;170669
251641;42.3;43.1;251207
171306;24.2;18.0;170792
081607;28.7;28.2;082981
431037;8.9;8.6;431482
171328;12.6;7.4;170669
251654;44.2;42.6;252038
431042;25.7;27.0;430141
081614;22.6;20.1;081022
431055;29.0;30.1;081022
081635;3.3;2.8;080351
431068;27.5;27.8;431554
251667;56.1;59.1;080229
251673;50.5;46.2;081022
431074;23.0;21.2;431613
431080;13.6;11.5;431613
081640;8.1;8.0;083054
171334;23.9;20.9;171143
171349;19.4;16.5;170366
259118;36.2;46.3;081022
251689;31.2;30.6;251207
251692;45.1;39.8;431613
081653;9.1;7.3;081022
081666;32.1;27.2;080229
431093;8.9;9.4;431482
431107;41.5;39.4;430939
431114;16.5;16.4;431634
251713;13.5;13.2;252347
431129;39.4;31.5;431233
081672;7.7;5.5;081878
431135;25.4;21.6;431613
250306;14.0;13.6;252038
171352;8.1;6.5;170669
251734;49.5;47.6;252430
081825;21.1;9.4;081136
431418;35.5;32.6;081022
081688;23.3;19.5;083054
171365;14.3;12.1;170669
251728;53.4;65.0;081022
171371;16.3;14.0;170792
431140;30.6;24.6;431233
171404;31.3;27.6;170669
171387;39.5;32.7;170669
251749;18.5;15.4;251207
431153;23.8;23.8;430939
431166;51.4;45.6;431613
431172;27.1;26.1;431554
081691;9.5;8.3;083015
431188;35.6;33.7;431233
081712;21.8;25.2;080229
081705;18.9;19.9;081022
251752;15.4;12.8;171411
251765;36.2;41.7;251207
251771;47.3;58.1;081022
082303;11.2;11.3;081213
081727;11.9;11.5;081213
171390;9.1;6.1;171143
251790;20.9;20.6;171411
171411;0.2;0.1;171411
081748;6.7;6.2;083054
251804;31.5;37.2;251207
431191;7.9;4.5;431613
081751;13.1;16.2;080229
251811;39.4;51.4;081022
251826;21.2;14.3;251207
081764;36.8;34.0;081022
081770;21.4;20.6;080229
171426;9.3;7.0;171557
170433;21.0;16.5;170366
431205;27.5;24.7;431613
171432;20.5;19.9;170669
081786;14.8;17.5;081136
431362;12.9;10.1;430141
431212;17.6;16.3;430939
171447;16.1;13.6;171181
081799;23.6;19.2;081136
431227;14.3;9.3;431613
431233;1.1;0.2;431233
251832;45.7;44.7;252347
431248;15.7;15.4;431613
431251;29.4;28.3;430939
259059;21.1;26.4;081022
251850;10.7;8.2;252038
171450;12.8;11.2;170366
171463;10.1;7.7;082021
431264;13.8;14.6;431482
251863;47.7;48.8;081136
171479;3.9;3.3;170366
081803;11.4;9.5;082457
259139;16.8;15.5;171411
171485;19.8;21.8;171557
171498;11.2;6.4;171143
431270;23.2;16.2;431233
431286;17.3;12.8;431233
171501;12.0;11.7;171557
431299;10.2;6.2;431233
171518;12.8;11.5;170669
081810;6.2;4.7;080961
431303;31.6;27.4;431613
431310;9.7;10.7;431634
081831;9.6;6.4;082981
431325;14.0;14.9;431634
431331;1.5;0.5;431554
171523;23.6;19.4;170669
251898;12.0;9.0;251207
431346;9.6;8.4;431613
081846;12.4;9.7;082798
081859;15.9;13.7;081022
171539;26.0;20.4;170792
089019;43.3;29.6;171143
081878;2.1;1.1;081878
081884;17.9;17.8;080229
251902;8.3;7.8;252347
081901;41.7;34.7;080229
171544;30.8;22.7;171143
081918;12.9;14.5;081136
431359;18.9;18.2;431613
439057;13.8;12.2;431482
171557;1.9;0.7;171557
251919;46.0;49.0;081022
081944;4.2;3.5;082457
081957;30.8;25.9;170366
081960;11.6;6.1;081141
081976;7.6;5.4;081213
171576;18.2;16.2;171557
171833;28.6;22.8;170792
081982;14.8;12.3;082021
081995;17.0;10.9;082981
082009;2.3;0.8;082009
082016;34.3;23.9;082981
082037;8.2;8.6;080351
082021;0.8;0.3;082021
082042;8.1;3.5;083015
171582;14.4;13.6;170669
082055;14.8;13.6;082798
082068;6.4;4.7;083054
251961;32.9;24.4;252347
082074;8.7;5.2;082021
082080;8.5;6.1;081141
171595;14.7;12.7;082021
082107;20.1;19.2;081249
171609;20.3;17.0;171181
082114;3.9;2.3;080771
171616;19.4;17.3;171143
082129;31.0;28.9;082981
171621;21.4;20.8;171143
082093;7.7;3.7;081249
082135;8.6;6.7;081136
171637;8.2;4.9;170792
251924;19.3;24.1;081022
251977;38.9;44.8;081022
171642;29.0;34.8;082981
082153;13.6;9.9;082981
081939;14.1;12.1;080351
439023;15.2;12.2;430141
082166;30.7;26.8;080229
171655;14.9;14.1;171143
431378;9.6;9.1;431634
171674;13.8;12.8;170366
171680;20.7;13.9;170792
082188;9.3;8.1;081136
082172;2.6;0.9;082172
171851;9.3;5.2;171143
171668;21.0;17.1;170792
089030;20.3;19.4;080229
171693;8.9;5.2;170792
082205;11.4;6.9;082981
179032;23.9;13.4;171557
082212;4.5;2.2;080771
082227;16.5;10.1;081141
171714;17.8;16.0;170669
251930;47.0;31.6;080229
082233;28.7;18.7;081878
082251;26.7;29.2;080229
082248;23.1;21.1;082981
171729;22.7;18.4;170792
259025;47.0;45.9;431613
082264;12.1;9.9;081022
082270;9.9;9.3;083054
082286;25.6;27.4;081022
171735;26.0;16.4;170792
082299;42.9;27.2;081136
171740;29.6;25.3;171143
171753;19.9;18.8;170669
171766;21.3;18.9;170669
171772;22.8;20.9;170366
082310;1.6;0.8;082310
082325;13.6;14.2;083054
082331;21.1;18.8;082981
082346;17.7;13.9;082021
171788;21.3;16.6;170669
081897;22.3;30.4;081136
082359;3.8;3.0;080351
082362;12.8;13.7;083054
082378;18.6;17.7;170366
082384;5.8;3.9;082798
082397;31.2;27.9;081249
251945;34.3;37.8;081022
082401;10.7;12.8;083054
082418;15.6;15.8;082981
080983;15.1;9.4;081136
082628;11.0;9.7;081136
082649;7.2;8.2;081213
082652;18.9;16.7;082981
082634;11.5;6.2;082009
431384;10.4;7.9;430141
082439;12.2;7.8;082981
082444;7.5;4.0;082009
171805;22.8;26.8;171557
082457;1.7;1.0;082457
431397;24.2;25.1;081022
171812;17.3;16.6;171181
082460;8.3;4.9;082981
082476;14.8;8.6;082981
082482;13.8;9.5;080961
082495;4.0;2.7;083054
171827;7.7;5.0;170669
082508;2.7;1.6;081022
082515;7.8;5.1;083054
082589;20.8;22.7;082981
082536;28.7;23.9;170366
082567;9.8;5.2;081249
082554;21.2;21.8;080229
082573;23.2;14.8;081022
082592;7.1;4.0;082021
431401;2.3;2.3;431634
171848;14.3;10.4;171143
082606;3.5;1.8;081249
082613;5.3;4.3;080351
081923;11.2;9.3;081136
431423;25.4;22.1;431613
171864;5.1;2.5;170792
252017;27.1;28.6;252347
252000;23.9;22.5;251207
171870;21.8;23.2;170669
431439;36.1;34.6;081022
431444;12.5;12.0;431482
171886;35.0;30.0;170669
431457;11.4;7.9;431233
431460;35.7;30.2;431613
430445;38.5;36.0;430141
252022;21.6;22.2;252347
250352;34.8;34.6;251207
082671;11.3;9.1;081878
171903;23.5;22.7;170792
252043;30.6;37.1;251207
171910;29.6;28.2;171181
171925;42.5;38.1;170366
252038;1.5;0.5;252038
082690;21.3;16.9;082981
252056;20.3;22.6;251207
171931;19.0;21.2;171557
082704;7.4;5.5;082310
170524;13.0;10.5;170669
082711;31.2;21.7;082981
252069;31.1;28.7;251207
431476;25.6;24.1;431613
252075;40.4;42.5;080229
082726;20.9;18.2;170366
252081;37.5;40.3;252038
252094;42.0;41.2;252347
252108;19.1;16.8;251207
082732;12.4;11.5;083054
252115;19.8;14.3;251207
252120;22.0;17.1;251207
082747;18.7;19.8;081136
171946;38.1;31.0;171557
082763;18.5;17.0;080961
082779;28.1;19.8;081136
252154;4.8;3.6;252347
252167;29.6;32.1;081022
171959;26.1;27.1;170669
082785;13.2;8.3;082981
431482;0.3;0.2;431482
252173;33.4;46.1;081022
252189;28.2;28.8;431613
252192;29.4;38.7;081022
082750;11.9;7.2;082981
082802;40.2;26.0;082981
082819;12.7;9.7;080155
252206;21.8;19.3;251207
171962;13.9;11.4;170669
082798;1.8;0.6;082798
082824;7.3;4.0;080155
252213;60.6;59.8;252347
252228;62.6;59.1;252038
431495;17.7;14.0;431554
431508;14.5;12.0;430939
082830;14.7;11.4;082981
252234;35.9;38.2;081022
082845;10.5;8.4;170237
082858;19.3;17.0;082981
252249;34.4;32.0;251207
252252;36.7;45.9;251207
252271;38.4;35.5;252347
082861;14.4;10.0;081022
431515;24.3;23.1;430939
431520;18.2;17.2;430939
252265;25.3;25.8;251207
431536;16.5;14.7;431482
252287;8.7;6.0;251207
259078;36.1;45.6;081022
252304;23.6;20.5;251207
252311;15.0;13.1;251207
082877;14.8;15.6;083054
082883;21.0;16.3;083054
082896;19.4;11.3;082009
171978;16.0;12.8;171181
252326;19.1;16.9;251207
252332;10.1;7.6;251207
171984;15.1;14.3;170669
171997;27.8;25.4;171181
431541;37.6;33.2;430939
172001;17.4;16.3;171143
431554;0.8;0.4;431554
172018;31.8;25.7;170366
172023;24.8;16.3;170237
252347;1.0;0.3;252347
172044;31.1;27.2;171181
082900;13.7;8.3;082798
172057;26.4;22.6;171181
431567;19.9;19.1;430141
431573;50.8;42.9;431233
172039;30.0;23.7;170792
172060;14.4;13.1;171411
082917;18.3;15.2;082798
170144;26.6;27.7;170669
172076;12.5;9.5;171143
172082;10.3;7.0;171143
250432;56.9;57.2;252430
259010;64.0;63.4;252347
082922;12.0;10.8;081022
252385;40.7;37.8;431613
082938;26.5;24.7;080229
431589;35.2;33.1;431613
252402;27.7;26.0;251207
171707;24.7;16.6;170366
431592;39.8;39.4;081022
082943;8.4;6.8;082021
082956;19.8;19.3;080771
172095;10.0;5.0;171181
431606;5.8;4.7;431613
082969;15.3;13.3;080155
431613;3.0;0.6;431613
259062;19.4;14.9;252038
252398;4.0;2.2;252038
431628;42.7;26.0;430939
259097;75.5;52.3;080229
082975;20.2;24.9;081022
431634;1.5;0.6;431634
172109;19.0;18.3;170669
252424;40.6;51.3;081022
172116;29.1;29.8;170669
431649;17.4;18.4;431482
082981;2.1;0.7;082981
172121;36.2;29.3;170366
172137;18.1;16.6;170237
252430;8.8;6.9;252430
431652;13.3;8.2;431613
172142;7.1;3.4;170669
172155;5.2;2.9;171557
082994;9.5;9.5;080229
172174;20.0;20.2;170669
172168;21.4;17.2;170792
083015;2.2;0.8;083015
083008;10.6;8.5;082798
172180;20.0;16.4;170669
172207;25.8;23.6;082981
172214;4.8;2.2;170669
083054;1.5;0.8;083054
252445;34.8;45.4;251207
172235;17.4;14.9;170669
431750;30.5;29.2;430939
083067;7.7;6.0;082021
252458;30.6;31.5;252430
172240;36.5;32.3;170366
431665;12.6;11.0;431613
172253;16.8;14.0;170669
172266;9.2;6.1;170669
172272;21.4;18.8;170669
252477;12.9;8.6;252430
172288;10.4;7.0;170669
431671;25.9;19.1;431233
252483;31.5;38.0;251207
252496;51.8;64.5;081022
252542;16.7;13.9;251207
252509;61.7;59.1;252347
431687;40.8;38.7;431613
083036;24.0;15.4;082981
252516;15.4;13.0;251207
083020;3.4;2.0;081022
089024;14.6;9.2;080961
083073;1.9;0.5;083073
431690;20.7;12.5;431233
431704;12.6;11.0;431613
172305;10.5;5.1;170669
252521;27.1;31.0;251207
431711;11.3;7.5;431233
082140;14.2;12.4;081213
082191;9.4;8.2;081213
172229;18.6;15.9;170669
431726;17.5;17.4;431613
431732;38.3;34.5;430939
431747;35.1;32.3;430939
172333;15.0;14.3;171557
083041;7.5;4.5;083054
172327;24.7;21.7;170792
252537;40.0;36.4;431613
431763;35.6;28.1;431613
252555;32.1;32.5;431613
431779;15.7;14.9;430939
431785;12.8;8.3;431233
083089;40.3;32.7;080229
430521;11.7;11.0;431554
